Iteration,Phase2_ArterialPrecision,Phase2_PortalPrecision,Phase2_PreContrastPrecision,Phase2_ArterialRecall,Phase2_PortalRecall,Phase2_PreContrastRecall,Phase2_ArterialF1,Phase2_PortalF1,Phase2_PreContrastF1
1,0.833333333333333,0.991935483870968,0,0.833333333333333,0.991935483870968,0,0.833333333333333,0.991935483870968,0
2,1,0.973684210526316,0,0.8,1,0,0.888888888888889,0.986666666666667,0
3,0.833333333333333,0.982142857142857,0,0.714285714285714,0.990990990990991,0,0.769230769230769,0.986547085201794,0
4,0.833333333333333,0.982300884955752,0,0.714285714285714,0.991071428571429,0,0.769230769230769,0.986666666666667,0
5,1,0.952755905511811,0,0.333333333333333,1,0,0.5,0.975806451612903,0
6,1,0.968503937007874,0,0.666666666666667,1,0,0.8,0.984,0
7,1,0.975609756097561,0,0.666666666666667,1,0,0.8,0.987654320987654,0
8,1,0.972477064220184,0,0.785714285714286,1,0,0.88,0.986046511627907,0
9,1,0.991304347826087,0,0.857142857142857,1,0,0.923076923076923,0.995633187772926,0
10,1,0.965811965811966,0,0.666666666666667,1,0,0.8,0.982608695652174,0
11,1,0.981481481481482,0,0.8,1,0,0.888888888888889,0.990654205607477,0
12,1,0.982142857142857,0,0.833333333333333,1,0,0.909090909090909,0.990990990990991,0
13,0.875,0.984,0,0.777777777777778,0.991935483870968,0,0.823529411764706,0.987951807228916,0
14,1,0.949579831932773,0,0.428571428571429,1,0,0.6,0.974137931034483,0
15,0.8,0.982142857142857,0,0.8,0.990990990990991,0,0.8,0.986547085201794,0
16,0.888888888888889,1,0,1,0.991735537190083,0,0.941176470588235,0.995850622406639,0
17,1,0.969230769230769,0,0.666666666666667,1,0,0.8,0.984375,0
18,1,0.954887218045113,0,0.705882352941177,1,0,0.827586206896552,0.976923076923077,0
19,0.875,0.981132075471698,0,0.875,0.990476190476191,0,0.875,0.985781990521327,0
20,0.857142857142857,0.983050847457627,0,0.75,0.991452991452991,0,0.8,0.987234042553191,0
21,0.666666666666667,0.939393939393939,0,0.222222222222222,0.992,0,0.333333333333333,0.964980544747082,0
22,1,0.990909090909091,0,0.833333333333333,1,0,0.909090909090909,0.995433789954338,0
23,0.875,0.950980392156863,0,0.7,0.989795918367347,0,0.777777777777778,0.97,0
24,1,0.963302752293578,0,0.571428571428571,1,0,0.727272727272727,0.981308411214953,0
25,1,0.954954954954955,0,0.6,1,0,0.75,0.976958525345622,0
26,1,0.96078431372549,0,0.6,1,0,0.75,0.98,0
27,1,0.961240310077519,0,0.636363636363636,1,0,0.777777777777778,0.980237154150198,0
28,1,0.934959349593496,0,0.5,1,0,0.666666666666667,0.966386554621849,0
29,1,0.983333333333333,0,0.818181818181818,1,0,0.9,0.991596638655462,0
30,0.666666666666667,0.938053097345133,0,0.222222222222222,0.990654205607477,0,0.333333333333333,0.963636363636364,0
31,1,0.980952380952381,0,0.714285714285714,1,0,0.833333333333333,0.990384615384615,0
32,1,0.97979797979798,0,0.875,1,0,0.933333333333333,0.989795918367347,0
33,1,0.982758620689655,0,0.8,1,0,0.888888888888889,0.991304347826087,0
34,1,0.976,0,0.625,1,0,0.769230769230769,0.987854251012146,0
35,0.75,1,0,1,0.990909090909091,0,0.857142857142857,0.995433789954338,0
36,1,0.965811965811966,0,0.5,1,0,0.666666666666667,0.982608695652174,0
37,1,0.915966386554622,0,0.333333333333333,1,0,0.5,0.956140350877193,0
38,1,0.936363636363636,0,0.642857142857143,1,0,0.782608695652174,0.967136150234742,0
39,1,0.955357142857143,0,0.666666666666667,1,0,0.8,0.97716894977169,0
40,0.857142857142857,0.981481481481482,0,0.75,0.990654205607477,0,0.8,0.986046511627907,0
41,0.833333333333333,0.991379310344828,0,1,0.991379310344828,0,0.909090909090909,0.991379310344828,0
42,1,0.983606557377049,0,0.75,1,0,0.857142857142857,0.991735537190083,0
43,1,0.966101694915254,0,0.5,1,0,0.666666666666667,0.982758620689655,0
44,1,0.9765625,0,0.75,1,0,0.857142857142857,0.988142292490119,0
45,1,0.965811965811966,0,0.7,1,0,0.823529411764706,0.982608695652174,0
46,0.875,0.954954954954955,0,0.636363636363636,0.990654205607477,0,0.736842105263158,0.972477064220184,0
47,1,0.972222222222222,0,0.666666666666667,1,0,0.8,0.985915492957746,0
48,1,1,0,1,1,0,1,1,0
49,1,0.974576271186441,0,0.714285714285714,1,0,0.833333333333333,0.987124463519313,0
50,1,0.980952380952381,0,0.666666666666667,1,0,0.8,0.990384615384615,0
51,0.888888888888889,0.962616822429907,0,0.727272727272727,0.990384615384615,0,0.8,0.976303317535545,0
52,1,0.990909090909091,0,0.875,1,0,0.933333333333333,0.995433789954338,0
53,1,0.981481481481482,0,0.75,1,0,0.857142857142857,0.990654205607477,0
54,0.833333333333333,0.974137931034483,0,0.625,0.991228070175439,0,0.714285714285714,0.982608695652174,0
55,1,0.974789915966387,0,0.8,1,0,0.888888888888889,0.987234042553191,0
56,1,0.963636363636364,0,0.666666666666667,1,0,0.8,0.981481481481482,0
57,1,0.990291262135922,0,0.888888888888889,1,0,0.941176470588235,0.995121951219512,0
58,0.888888888888889,0.975609756097561,0,0.727272727272727,0.991735537190083,0,0.8,0.983606557377049,0
59,1,0.966386554621849,0,0.727272727272727,1,0,0.842105263157895,0.982905982905983,0
60,1,0.953271028037383,0,0.666666666666667,1,0,0.8,0.976076555023924,0
61,0.875,0.96,0,0.636363636363636,0.991735537190083,0,0.736842105263158,0.975609756097561,0
62,1,0.959016393442623,0,0.666666666666667,1,0,0.8,0.97907949790795,0
63,0.9,1,0,1,0.990740740740741,0,0.947368421052632,0.995348837209302,0
64,1,0.982758620689655,0,0.714285714285714,1,0,0.833333333333333,0.991304347826087,0
65,1,0.966101694915254,0,0.666666666666667,1,0,0.8,0.982758620689655,0
66,0.875,0.99009900990099,0,0.875,0.99009900990099,0,0.875,0.99009900990099,0
67,1,0.957983193277311,0,0.7,1,0,0.823529411764706,0.978540772532189,0
68,1,0.974137931034483,0,0.818181818181818,1,0,0.9,0.986899563318777,0
69,1,0.971428571428571,0,0.625,1,0,0.769230769230769,0.985507246376812,0
70,1,0.966101694915254,0,0.5,1,0,0.666666666666667,0.982758620689655,0
71,1,0.97196261682243,0,0.7,1,0,0.823529411764706,0.985781990521327,0
72,0.75,0.91869918699187,0,0.272727272727273,0.991228070175439,0,0.4,0.953586497890295,0
73,1,0.98,0,0.666666666666667,1,0,0.8,0.98989898989899,0
74,1,0.952755905511811,0,0.6,1,0,0.75,0.975806451612903,0
75,1,0.968,0,0.636363636363636,1,0,0.777777777777778,0.983739837398374,0
76,0.857142857142857,0.990291262135922,0,0.857142857142857,0.990291262135922,0,0.857142857142857,0.990291262135922,0
77,0.833333333333333,0.95959595959596,0,0.555555555555556,0.989583333333333,0,0.666666666666667,0.974358974358974,0
78,1,0.962616822429907,0,0.75,1,0,0.857142857142857,0.980952380952381,0
79,1,0.973214285714286,0,0.75,1,0,0.857142857142857,0.986425339366516,0
80,1,0.974789915966387,0,0.666666666666667,1,0,0.8,0.987234042553191,0
81,1,0.976744186046512,0,0.666666666666667,1,0,0.8,0.988235294117647,0
82,0.875,0.97196261682243,0,0.7,0.990476190476191,0,0.777777777777778,0.981132075471698,0
83,1,0.971698113207547,0,0.7,1,0,0.823529411764706,0.985645933014354,0
84,1,0.972972972972973,0,0.833333333333333,1,0,0.909090909090909,0.986301369863014,0
85,0.888888888888889,0.956521739130435,0,0.666666666666667,0.990990990990991,0,0.761904761904762,0.973451327433628,0
86,0.75,0.94017094017094,0,0.333333333333333,0.990990990990991,0,0.461538461538462,0.964912280701754,0
87,1,0.972222222222222,0,0.923076923076923,1,0,0.96,0.985915492957746,0
88,1,0.968,0,0.571428571428571,1,0,0.727272727272727,0.983739837398374,0
89,1,0.966386554621849,0,0.636363636363636,1,0,0.777777777777778,0.982905982905983,0
90,1,0.946428571428571,0,0.545454545454545,1,0,0.705882352941176,0.972477064220183,0
91,1,0.991803278688525,0,1,1,0,1,0.995884773662551,0
92,0.909090909090909,0.967213114754098,0,0.714285714285714,0.991596638655462,0,0.8,0.979253112033195,0
93,1,0.980952380952381,0,0.777777777777778,1,0,0.875,0.990384615384615,0
94,0.9,0.961904761904762,0,0.75,0.990196078431373,0,0.818181818181818,0.975845410628019,0
95,0.875,0.959349593495935,0,0.636363636363636,0.991596638655462,0,0.736842105263158,0.975206611570248,0
96,1,0.972972972972973,0,0.727272727272727,1,0,0.842105263157895,0.986301369863014,0
97,1,0.968,0,0.692307692307692,1,0,0.818181818181818,0.983739837398374,0
98,0.75,0.947368421052632,0,0.428571428571429,0.990825688073395,0,0.545454545454545,0.968609865470852,0
99,1,0.991525423728814,0,1,1,0,1,0.995744680851064,0
100,1,0.96551724137931,0,0.636363636363636,1,0,0.777777777777778,0.982456140350877,0
101,1,0.981981981981982,0,0.714285714285714,1,0,0.833333333333333,0.990909090909091,0
102,1,0.971698113207547,0,0.625,1,0,0.769230769230769,0.985645933014354,0
103,0.75,0.964912280701754,0,0.428571428571429,0.990990990990991,0,0.545454545454545,0.977777777777778,0
104,0.833333333333333,0.973451327433628,0,0.625,0.990990990990991,0,0.714285714285714,0.982142857142857,0
105,1,0.958677685950413,0,0.6,1,0,0.75,0.978902953586498,0
106,1,0.991803278688525,0,0.9,1,0,0.947368421052632,0.995884773662551,0
107,1,0.955752212389381,0,0.714285714285714,1,0,0.833333333333333,0.97737556561086,0
108,1,0.973684210526316,0,0.7,1,0,0.823529411764706,0.986666666666667,0
109,0.875,0.966386554621849,0,0.7,0.991379310344828,0,0.777777777777778,0.978723404255319,0
110,1,0.968503937007874,0,0.785714285714286,1,0,0.88,0.984,0
111,1,0.977099236641221,0,0.75,1,0,0.857142857142857,0.988416988416988,0
112,0.875,0.975206611570248,0,0.777777777777778,0.991596638655462,0,0.823529411764706,0.983333333333333,0
113,1,0.964912280701754,0,0.666666666666667,1,0,0.8,0.982142857142857,0
114,1,0.972222222222222,0,0.7,1,0,0.823529411764706,0.985915492957746,0
115,1,0.94017094017094,0,0.545454545454545,1,0,0.705882352941176,0.969162995594714,0
116,1,0.9609375,0,0.444444444444444,1,0,0.615384615384615,0.9800796812749,0
117,1,0.975,0,0.7,1,0,0.823529411764706,0.987341772151899,0
118,0.875,0.981308411214953,0,0.875,0.990566037735849,0,0.875,0.985915492957746,0
119,1,0.973214285714286,0,0.727272727272727,1,0,0.842105263157895,0.986425339366516,0
120,0.9,1,0,1,0.989583333333333,0,0.947368421052632,0.994764397905759,0
121,1,0.966101694915254,0,0.7,1,0,0.823529411764706,0.982758620689655,0
122,0.875,0.980392156862745,0,0.777777777777778,0.99009900990099,0,0.823529411764706,0.985221674876847,0
123,0.8,0.982758620689655,0,0.666666666666667,0.991304347826087,0,0.727272727272727,0.987012987012987,0
124,1,0.983050847457627,0,0.875,1,0,0.933333333333333,0.991452991452991,0
125,1,0.975806451612903,0,0.833333333333333,1,0,0.909090909090909,0.987755102040816,0
126,0.875,0.974789915966387,0,0.777777777777778,0.991452991452991,0,0.823529411764706,0.983050847457627,0
127,1,0.976190476190476,0,0.666666666666667,1,0,0.8,0.987951807228916,0
128,1,0.959016393442623,0,0.666666666666667,1,0,0.8,0.97907949790795,0
129,1,0.945945945945946,0,0.5,1,0,0.666666666666667,0.972222222222222,0
130,1,0.983606557377049,0,0.875,1,0,0.933333333333333,0.991735537190083,0
131,1,0.983333333333333,0,0.875,1,0,0.933333333333333,0.991596638655462,0
132,1,0.9375,0,0.545454545454545,1,0,0.705882352941176,0.967741935483871,0
133,1,0.981651376146789,0,0.714285714285714,1,0,0.833333333333333,0.990740740740741,0
134,0.916666666666667,0.982300884955752,0,0.916666666666667,0.991071428571429,0,0.916666666666667,0.986666666666667,0
135,1,0.965811965811966,0,0.636363636363636,1,0,0.777777777777778,0.982608695652174,0
136,1,0.965811965811966,0,0.6,1,0,0.75,0.982608695652174,0
137,1,0.964601769911504,0,0.636363636363636,1,0,0.777777777777778,0.981981981981982,0
138,1,0.964285714285714,0,0.777777777777778,1,0,0.875,0.981818181818182,0
139,0.8,0.96031746031746,0,0.5,0.991803278688525,0,0.615384615384615,0.975806451612903,0
140,1,0.945454545454545,0,0.444444444444444,1,0,0.615384615384615,0.97196261682243,0
141,1,0.974789915966387,0,0.727272727272727,1,0,0.842105263157895,0.987234042553191,0
142,1,0.936363636363636,0,0.416666666666667,1,0,0.588235294117647,0.967136150234742,0
143,1,0.940677966101695,0,0.571428571428571,1,0,0.727272727272727,0.96943231441048,0
144,1,0.957983193277311,0,0.666666666666667,1,0,0.8,0.978540772532189,0
145,1,0.981981981981982,0,0.6,1,0,0.75,0.990909090909091,0
146,1,1,0,1,1,0,1,1,0
147,0.9,0.946902654867257,0,0.642857142857143,0.990740740740741,0,0.75,0.968325791855204,0
148,0.75,0.956521739130435,0,0.428571428571429,0.990990990990991,0,0.545454545454545,0.973451327433628,0
149,1,0.956896551724138,0,0.5,1,0,0.666666666666667,0.977973568281938,0
150,0.923076923076923,0.952830188679245,0,0.75,0.990196078431373,0,0.827586206896552,0.971153846153846,0
151,1,0.959016393442623,0,0.615384615384615,1,0,0.761904761904762,0.97907949790795,0
152,1,0.972727272727273,0,0.777777777777778,1,0,0.875,0.986175115207373,0
153,1,1,0,1,1,0,1,1,0
154,0.928571428571429,0.96078431372549,0,0.8125,0.98989898989899,0,0.866666666666667,0.975124378109453,0
155,1,0.991150442477876,0,0.916666666666667,1,0,0.956521739130435,0.995555555555556,0
156,1,0.963636363636364,0,0.5,1,0,0.666666666666667,0.981481481481482,0
157,1,0.980582524271845,0,0.857142857142857,1,0,0.923076923076923,0.990196078431373,0
158,0.857142857142857,0.972477064220184,0,0.666666666666667,0.990654205607477,0,0.75,0.981481481481482,0
159,0.923076923076923,0.96551724137931,0,0.75,0.991150442477876,0,0.827586206896552,0.978165938864629,0
160,1,0.982142857142857,0,0.9,1,0,0.947368421052632,0.990990990990991,0
161,1,0.981481481481482,0,0.909090909090909,1,0,0.952380952380952,0.990654205607477,0
162,1,0.95,0,0.454545454545455,1,0,0.625,0.974358974358974,0
163,0.875,0.97196261682243,0,0.7,0.990476190476191,0,0.777777777777778,0.981132075471698,0
164,1,0.959677419354839,0,0.6,1,0,0.75,0.979423868312757,0
165,1,0.951219512195122,0,0.538461538461538,1,0,0.7,0.975,0
166,0.833333333333333,0.948275862068966,0,0.5,0.990990990990991,0,0.625,0.969162995594714,0
167,1,0.990825688073395,0,1,1,0,1,0.995391705069124,0
168,1,0.946902654867257,0,0.583333333333333,1,0,0.736842105263158,0.972727272727273,0
169,1,0.989473684210526,0,0.857142857142857,1,0,0.923076923076923,0.994708994708995,0
170,1,0.966386554621849,0,0.6,1,0,0.75,0.982905982905983,0
171,0.833333333333333,0.982608695652174,0,0.714285714285714,0.991228070175439,0,0.769230769230769,0.986899563318777,0
172,1,0.956896551724138,0,0.285714285714286,1,0,0.444444444444444,0.977973568281938,0
173,0.888888888888889,0.958677685950413,0,0.615384615384615,0.991452991452991,0,0.727272727272727,0.974789915966387,0
174,1,0.960629921259842,0,0.6875,1,0,0.814814814814815,0.979919678714859,0
175,1,0.96551724137931,0,0.666666666666667,1,0,0.8,0.982456140350877,0
176,1,0.990291262135922,0,0.916666666666667,1,0,0.956521739130435,0.995121951219512,0
177,0.75,0.959016393442623,0,0.428571428571429,0.991525423728814,0,0.545454545454545,0.975,0
178,1,0.983739837398374,0,0.818181818181818,1,0,0.9,0.991803278688525,0
179,0.923076923076923,0.966386554621849,0,0.8,0.991379310344828,0,0.857142857142857,0.978723404255319,0
180,1,0.972727272727273,0,0.714285714285714,1,0,0.833333333333333,0.986175115207373,0
181,1,0.965811965811966,0,0.636363636363636,1,0,0.777777777777778,0.982608695652174,0
182,1,0.972222222222222,0,0.75,1,0,0.857142857142857,0.985915492957746,0
183,0.75,0.967741935483871,0,0.428571428571429,0.991735537190083,0,0.545454545454545,0.979591836734694,0
184,1,0.947368421052632,0,0.545454545454545,1,0,0.705882352941176,0.972972972972973,0
185,0.9,0.983050847457627,0,0.818181818181818,0.991452991452991,0,0.857142857142857,0.987234042553191,0
186,1,0.952380952380952,0,0.5,1,0,0.666666666666667,0.975609756097561,0
187,1,0.966942148760331,0,0.75,1,0,0.857142857142857,0.983193277310924,0
188,1,0.947368421052632,0,0.6,1,0,0.75,0.972972972972973,0
189,1,0.970588235294118,0,0.777777777777778,1,0,0.875,0.985074626865672,0
190,1,0.94488188976378,0,0.533333333333333,1,0,0.695652173913044,0.97165991902834,0
191,0.666666666666667,0.968503937007874,0,0.333333333333333,0.991935483870968,0,0.444444444444444,0.980079681274901,0
192,1,0.982456140350877,0,0.5,1,0,0.666666666666667,0.991150442477876,0
193,0.857142857142857,0.958333333333333,0,0.545454545454545,0.991379310344828,0,0.666666666666667,0.974576271186441,0
194,0.909090909090909,0.975206611570248,0,0.833333333333333,0.991596638655462,0,0.869565217391304,0.983333333333333,0
195,1,0.957983193277311,0,0.714285714285714,1,0,0.833333333333333,0.978540772532189,0
196,1,0.954545454545455,0,0.545454545454545,1,0,0.705882352941176,0.976744186046512,0
197,1,0.958333333333333,0,0.642857142857143,1,0,0.782608695652174,0.978723404255319,0
198,1,0.973913043478261,0,0.727272727272727,1,0,0.842105263157895,0.986784140969163,0
199,0.833333333333333,0.973214285714286,0,0.625,0.990909090909091,0,0.714285714285714,0.981981981981982,0
200,1,0.963963963963964,0,0.666666666666667,1,0,0.8,0.981651376146789,0
201,0.833333333333333,0.990566037735849,0,0.833333333333333,0.990566037735849,0,0.833333333333333,0.990566037735849,0
202,1,0.972477064220184,0,0.7,1,0,0.823529411764706,0.986046511627907,0
203,1,0.981308411214953,0,0.75,1,0,0.857142857142857,0.990566037735849,0
204,0.9,0.96,0,0.692307692307692,0.991735537190083,0,0.782608695652174,0.975609756097561,0
205,1,0.953703703703704,0,0.444444444444444,1,0,0.615384615384615,0.976303317535545,0
206,1,0.956521739130435,0,0.545454545454545,1,0,0.705882352941176,0.977777777777778,0
207,1,0.950413223140496,0,0.583333333333333,1,0,0.736842105263158,0.974576271186441,0
208,1,0.961165048543689,0,0.625,1,0,0.769230769230769,0.98019801980198,0
209,0.9,0.958333333333333,0,0.692307692307692,0.991379310344828,0,0.782608695652174,0.974576271186441,0
210,0.875,0.974137931034483,0,0.7,0.991228070175439,0,0.777777777777778,0.982608695652174,0
211,0.875,0.965217391304348,0,0.636363636363636,0.991071428571429,0,0.736842105263158,0.977973568281938,0
212,1,0.975,0,0.571428571428571,1,0,0.727272727272727,0.987341772151899,0
213,1,1,0,1,1,0,1,1,0
214,1,0.975609756097561,0,0.833333333333333,1,0,0.909090909090909,0.987654320987654,0
215,1,0.976190476190476,0,0.727272727272727,1,0,0.842105263157895,0.987951807228916,0
216,1,0.967213114754098,0,0.625,1,0,0.769230769230769,0.983333333333333,0
217,1,0.990654205607477,0,0.9,1,0,0.947368421052632,0.995305164319249,0
218,1,0.951612903225806,0,0.5,1,0,0.666666666666667,0.975206611570248,0
219,0.9,0.966942148760331,0,0.75,0.991525423728814,0,0.818181818181818,0.97907949790795,0
220,0.909090909090909,0.962616822429907,0,0.714285714285714,0.990384615384615,0,0.8,0.976303317535545,0
221,1,0.966101694915254,0,0.666666666666667,1,0,0.8,0.982758620689655,0
222,1,0.947826086956522,0,0.375,1,0,0.545454545454545,0.973214285714286,0
223,1,0.983050847457627,0,0.8,1,0,0.888888888888889,0.991452991452991,0
224,0.8,0.958677685950413,0,0.571428571428571,0.991452991452991,0,0.666666666666667,0.974789915966387,0
225,1,0.981132075471698,0,0.8,1,0,0.888888888888889,0.990476190476191,0
226,1,0.98,0,0.777777777777778,1,0,0.875,0.98989898989899,0
227,1,0.94017094017094,0,0.454545454545455,1,0,0.625,0.969162995594714,0
228,0.888888888888889,0.981481481481482,0,0.8,0.990654205607477,0,0.842105263157895,0.986046511627907,0
229,1,0.990909090909091,0,0.9,1,0,0.947368421052632,0.995433789954338,0
230,1,0.944954128440367,0,0.692307692307692,1,0,0.818181818181818,0.971698113207547,0
231,1,0.974789915966387,0,0.75,1,0,0.857142857142857,0.987234042553191,0
232,1,0.981481481481482,0,0.875,1,0,0.933333333333333,0.990654205607477,0
233,1,0.966101694915254,0,0.7,1,0,0.823529411764706,0.982758620689655,0
234,1,0.96551724137931,0,0.555555555555556,1,0,0.714285714285714,0.982456140350877,0
235,1,0.967741935483871,0,0.727272727272727,1,0,0.842105263157895,0.983606557377049,0
236,1,0.974137931034483,0,0.625,1,0,0.769230769230769,0.986899563318777,0
237,1,0.963636363636364,0,0.785714285714286,1,0,0.88,0.981481481481482,0
238,1,0.973684210526316,0,0.75,1,0,0.857142857142857,0.986666666666667,0
239,1,0.965811965811966,0,0.666666666666667,1,0,0.8,0.982608695652174,0
240,1,0.982300884955752,0,0.875,1,0,0.933333333333333,0.991071428571429,0
241,0.909090909090909,0.957983193277311,0,0.714285714285714,0.991304347826087,0,0.8,0.974358974358974,0
242,1,0.975206611570248,0,0.727272727272727,1,0,0.842105263157895,0.98744769874477,0
243,0.857142857142857,0.990476190476191,0,0.857142857142857,0.990476190476191,0,0.857142857142857,0.990476190476191,0
244,1,0.96039603960396,0,0.5,1,0,0.666666666666667,0.97979797979798,0
245,0.909090909090909,0.990566037735849,0,1,0.990566037735849,0,0.952380952380952,0.990566037735849,0
246,1,0.952380952380952,0,0.636363636363636,1,0,0.777777777777778,0.975609756097561,0
247,1,0.934426229508197,0,0.461538461538462,1,0,0.631578947368421,0.966101694915254,0
248,0.857142857142857,0.957264957264957,0,0.545454545454545,0.991150442477876,0,0.666666666666667,0.973913043478261,0
249,1,0.982300884955752,0,0.714285714285714,1,0,0.833333333333333,0.991071428571429,0
250,1,0.9453125,0,0.583333333333333,1,0,0.736842105263158,0.971887550200803,0
251,1,0.969387755102041,0,0.625,1,0,0.769230769230769,0.984455958549223,0
252,1,0.982905982905983,0,0.875,1,0,0.933333333333333,0.991379310344828,0
253,1,0.982300884955752,0,0.833333333333333,1,0,0.909090909090909,0.991071428571429,0
254,0.888888888888889,0.947368421052632,0,0.615384615384615,0.992125984251969,0,0.727272727272727,0.969230769230769,0
255,1,0.990909090909091,0,1,1,0,1,0.995433789954338,0
256,0.909090909090909,0.970588235294118,0,0.769230769230769,0.99,0,0.833333333333333,0.98019801980198,0
257,0.833333333333333,0.953488372093023,0,0.454545454545455,0.991935483870968,0,0.588235294117647,0.972332015810277,0
258,1,0.959183673469388,0,0.571428571428571,1,0,0.727272727272727,0.979166666666667,0
259,0.857142857142857,0.963963963963964,0,0.6,0.990740740740741,0,0.705882352941176,0.977168949771689,0
260,1,0.982905982905983,0,0.857142857142857,1,0,0.923076923076923,0.991379310344828,0
261,1,0.963963963963964,0,0.75,1,0,0.857142857142857,0.981651376146789,0
262,0.888888888888889,0.973451327433628,0,0.727272727272727,0.990990990990991,0,0.8,0.982142857142857,0
263,1,0.972727272727273,0,0.727272727272727,1,0,0.842105263157895,0.986175115207373,0
264,1,0.982142857142857,0,0.714285714285714,1,0,0.833333333333333,0.990990990990991,0
265,0.909090909090909,0.959016393442623,0,0.666666666666667,0.991525423728814,0,0.769230769230769,0.975,0
266,1,0.991228070175439,0,1,1,0,1,0.995594713656388,0
267,0.75,0.974789915966387,0,0.6,0.991452991452991,0,0.666666666666667,0.983050847457627,0
268,1,0.975409836065574,0,0.727272727272727,1,0,0.842105263157895,0.987551867219917,0
269,1,0.973214285714286,0,0.8,1,0,0.888888888888889,0.986425339366516,0
270,0.857142857142857,0.973451327433628,0,0.666666666666667,0.990990990990991,0,0.75,0.982142857142857,0
271,1,0.940677966101695,0,0.454545454545455,1,0,0.625,0.96943231441048,0
272,1,0.97196261682243,0,0.714285714285714,1,0,0.833333333333333,0.985781990521327,0
273,1,0.983193277310924,0,0.666666666666667,1,0,0.8,0.991525423728813,0
274,1,0.981308411214953,0,0.777777777777778,1,0,0.875,0.990566037735849,0
275,1,0.974358974358974,0,0.5,1,0,0.666666666666667,0.987012987012987,0
276,1,0.932203389830508,0,0.4,1,0,0.571428571428572,0.964912280701754,0
277,0.909090909090909,0.98,0,0.909090909090909,0.98989898989899,0,0.909090909090909,0.984924623115578,0
278,1,0.974789915966387,0,0.571428571428571,1,0,0.727272727272727,0.987234042553191,0
279,0.909090909090909,0.990909090909091,0,0.909090909090909,0.990909090909091,0,0.909090909090909,0.990909090909091,0
280,0.857142857142857,0.962616822429907,0,0.6,0.990384615384615,0,0.705882352941176,0.976303317535545,0
281,1,0.982142857142857,0,0.714285714285714,1,0,0.833333333333333,0.990990990990991,0
282,1,0.952380952380952,0,0.6,1,0,0.75,0.975609756097561,0
283,1,0.991071428571429,0,0.8,1,0,0.888888888888889,0.995515695067265,0
284,1,0.941176470588235,0,0.571428571428571,1,0,0.727272727272727,0.96969696969697,0
285,0.857142857142857,0.941176470588235,0,0.6,0.989690721649485,0,0.705882352941176,0.964824120603015,0
286,1,0.96078431372549,0,0.666666666666667,1,0,0.8,0.98,0
287,1,0.962962962962963,0,0.75,1,0,0.857142857142857,0.981132075471698,0
288,1,0.961904761904762,0,0.666666666666667,1,0,0.8,0.980582524271845,0
289,1,0.990909090909091,0,0.75,1,0,0.857142857142857,0.995433789954338,0
290,1,0.975806451612903,0,0.666666666666667,1,0,0.8,0.987755102040816,0
291,1,0.990566037735849,0,0.875,1,0,0.933333333333333,0.995260663507109,0
292,1,0.955357142857143,0,0.666666666666667,1,0,0.8,0.97716894977169,0
293,1,0.954545454545455,0,0.571428571428571,1,0,0.727272727272727,0.976744186046512,0
294,1,0.982905982905983,0,0.9,1,0,0.947368421052632,0.991379310344828,0
295,1,0.973913043478261,0,0.727272727272727,1,0,0.842105263157895,0.986784140969163,0
296,1,0.954545454545455,0,0.666666666666667,1,0,0.8,0.976744186046512,0
297,0.9,0.99,0,0.9,0.99,0,0.9,0.99,0
298,1,0.983050847457627,0,0.714285714285714,1,0,0.833333333333333,0.991452991452991,0
299,1,0.941176470588235,0,0.571428571428571,1,0,0.727272727272727,0.96969696969697,0
300,1,0.972222222222222,0,0.625,1,0,0.769230769230769,0.985915492957746,0
301,0.9,0.967213114754098,0,0.692307692307692,0.991596638655462,0,0.782608695652174,0.979253112033195,0
302,1,0.945652173913043,0,0.636363636363636,1,0,0.777777777777778,0.972067039106145,0
303,0.875,0.96551724137931,0,0.7,0.991150442477876,0,0.777777777777778,0.978165938864629,0
304,1,0.963963963963964,0,0.5,1,0,0.666666666666667,0.981651376146789,0
305,1,0.966666666666667,0,0.733333333333333,1,0,0.846153846153846,0.983050847457627,0
306,1,0.978947368421053,0,0.714285714285714,1,0,0.833333333333333,0.98936170212766,0
307,0.888888888888889,0.949152542372881,0,0.615384615384615,0.991150442477876,0,0.727272727272727,0.96969696969697,0
308,1,0.967213114754098,0,0.727272727272727,1,0,0.842105263157895,0.983333333333333,0
309,1,0.974789915966387,0,0.818181818181818,1,0,0.9,0.987234042553191,0
310,0.75,0.974789915966387,0,0.5,0.991452991452991,0,0.6,0.983050847457627,0
311,1,0.963302752293578,0,0.428571428571429,1,0,0.6,0.981308411214953,0
312,1,0.96969696969697,0,0.625,1,0,0.769230769230769,0.984615384615385,0
313,1,0.982456140350877,0,0.909090909090909,1,0,0.952380952380952,0.991150442477876,0
314,1,0.974358974358974,0,0.727272727272727,1,0,0.842105263157895,0.987012987012987,0
315,1,0.980952380952381,0,0.928571428571429,1,0,0.962962962962963,0.990384615384615,0
316,1,0.966101694915254,0,0.5,1,0,0.666666666666667,0.982758620689655,0
317,1,0.975206611570248,0,0.666666666666667,1,0,0.8,0.98744769874477,0
318,1,0.957264957264957,0,0.555555555555556,1,0,0.714285714285714,0.978165938864629,0
319,1,0.975806451612903,0,0.4,1,0,0.571428571428572,0.987755102040816,0
320,0.875,0.991379310344828,0,0.875,0.991379310344828,0,0.875,0.991379310344828,0
321,1,0.975206611570248,0,0.666666666666667,1,0,0.8,0.98744769874477,0
322,0.888888888888889,0.943089430894309,0,0.571428571428571,0.991452991452991,0,0.695652173913043,0.966666666666667,0
323,1,0.96875,0,0.7,1,0,0.823529411764706,0.984126984126984,0
324,1,0.975409836065574,0,0.666666666666667,1,0,0.8,0.987551867219917,0
325,1,0.965217391304348,0,0.571428571428571,1,0,0.727272727272727,0.982300884955752,0
326,1,0.943089430894309,0,0.454545454545455,1,0,0.625,0.97071129707113,0
327,0.666666666666667,0.948275862068966,0,0.285714285714286,0.990990990990991,0,0.4,0.969162995594714,0
328,1,0.972727272727273,0,0.75,1,0,0.857142857142857,0.986175115207373,0
329,1,0.991150442477876,0,0.833333333333333,1,0,0.909090909090909,0.995555555555556,0
330,1,0.972972972972973,0,0.625,1,0,0.769230769230769,0.986301369863014,0
331,0.875,0.966942148760331,0,0.777777777777778,0.991525423728814,0,0.823529411764706,0.97907949790795,0
332,1,0.983193277310924,0,0.8,1,0,0.888888888888889,0.991525423728813,0
333,1,0.968253968253968,0,0.75,1,0,0.857142857142857,0.983870967741935,0
334,1,0.982456140350877,0,0.909090909090909,1,0,0.952380952380952,0.991150442477876,0
335,1,0.965811965811966,0,0.714285714285714,1,0,0.833333333333333,0.982608695652174,0
336,0.833333333333333,0.966101694915254,0,0.625,0.991304347826087,0,0.714285714285714,0.978540772532189,0
337,1,0.974576271186441,0,0.8,1,0,0.888888888888889,0.987124463519313,0
338,1,0.975609756097561,0,0.7,1,0,0.823529411764706,0.987654320987654,0
339,1,0.982905982905983,0,0.857142857142857,1,0,0.923076923076923,0.991379310344828,0
340,1,0.975,0,0.666666666666667,1,0,0.8,0.987341772151899,0
341,1,0.99009900990099,0,0.875,1,0,0.933333333333333,0.995024875621891,0
342,0.75,0.962616822429907,0,0.5,0.990384615384615,0,0.6,0.976303317535545,0
343,1,0.963963963963964,0,0.727272727272727,1,0,0.842105263157895,0.981651376146789,0
344,1,0.953125,0,0.555555555555556,1,0,0.714285714285714,0.976,0
345,0.875,0.983050847457627,0,0.875,0.991452991452991,0,0.875,0.987234042553191,0
346,0.909090909090909,0.990476190476191,0,0.909090909090909,0.990476190476191,0,0.909090909090909,0.990476190476191,0
347,1,0.983471074380165,0,0.818181818181818,1,0,0.9,0.991666666666667,0
348,1,0.939130434782609,0,0.444444444444444,1,0,0.615384615384615,0.968609865470852,0
349,1,0.964912280701754,0,0.666666666666667,1,0,0.8,0.982142857142857,0
350,1,0.964285714285714,0,0.692307692307692,1,0,0.818181818181818,0.981818181818182,0
351,1,0.991803278688525,0,0.8,1,0,0.888888888888889,0.995884773662551,0
352,1,0.9765625,0,0.666666666666667,1,0,0.8,0.988142292490119,0
353,0.888888888888889,0.975206611570248,0,0.727272727272727,0.991596638655462,0,0.8,0.983333333333333,0
354,0.916666666666667,0.964912280701754,0,0.846153846153846,0.990990990990991,0,0.88,0.977777777777778,0
355,0.9,0.962616822429907,0,0.75,0.990384615384615,0,0.818181818181818,0.976303317535545,0
356,0.923076923076923,0.983471074380165,0,0.857142857142857,0.991666666666667,0,0.888888888888889,0.987551867219917,0
357,1,0.953846153846154,0,0.642857142857143,1,0,0.782608695652174,0.976377952755905,0
358,1,0.966942148760331,0,0.571428571428571,1,0,0.727272727272727,0.983193277310924,0
359,1,0.983739837398374,0,0.875,1,0,0.933333333333333,0.991803278688525,0
360,1,0.975,0,0.7,1,0,0.823529411764706,0.987341772151899,0
361,1,0.982142857142857,0,0.777777777777778,1,0,0.875,0.990990990990991,0
362,0.875,0.954198473282443,0,0.583333333333333,0.992063492063492,0,0.7,0.972762645914397,0
363,1,0.966386554621849,0,0.75,1,0,0.857142857142857,0.982905982905983,0
364,0.833333333333333,0.967741935483871,0,0.625,0.991735537190083,0,0.714285714285714,0.979591836734694,0
365,1,0.938053097345133,0,0.6,1,0,0.75,0.968036529680365,0
366,0.875,0.974137931034483,0,0.875,0.991228070175439,0,0.875,0.982608695652174,0
367,1,0.983050847457627,0,0.777777777777778,1,0,0.875,0.991452991452991,0
368,1,0.966101694915254,0,0.75,1,0,0.857142857142857,0.982758620689655,0
369,1,0.971698113207547,0,0.785714285714286,1,0,0.88,0.985645933014354,0
370,0.75,0.972222222222222,0,0.5,0.990566037735849,0,0.6,0.981308411214953,0
371,0.833333333333333,0.975,0,0.625,0.991525423728814,0,0.714285714285714,0.983193277310924,0
372,1,0.957627118644068,0,0.642857142857143,1,0,0.782608695652174,0.978354978354978,0
373,0.888888888888889,0.990740740740741,0,0.888888888888889,0.990740740740741,0,0.888888888888889,0.990740740740741,0
374,1,0.981818181818182,0,0.8,1,0,0.888888888888889,0.990825688073394,0
375,1,0.982300884955752,0,0.833333333333333,1,0,0.909090909090909,0.991071428571429,0
376,0.9,0.982300884955752,0,0.818181818181818,0.991071428571429,0,0.857142857142857,0.986666666666667,0
377,1,0.970802919708029,0,0.727272727272727,1,0,0.842105263157895,0.985185185185185,0
378,0.909090909090909,0.98,0,0.833333333333333,0.98989898989899,0,0.869565217391304,0.984924623115578,0
379,1,0.963636363636364,0,0.636363636363636,1,0,0.777777777777778,0.981481481481482,0
380,1,0.981481481481482,0,0.888888888888889,1,0,0.941176470588235,0.990654205607477,0
381,1,0.965217391304348,0,0.555555555555556,1,0,0.714285714285714,0.982300884955752,0
382,1,0.946428571428571,0,0.538461538461538,1,0,0.7,0.972477064220183,0
383,0.875,0.954545454545455,0,0.7,0.990566037735849,0,0.777777777777778,0.972222222222222,0
384,1,0.97196261682243,0,0.777777777777778,1,0,0.875,0.985781990521327,0
385,0.875,0.955752212389381,0,0.636363636363636,0.990825688073395,0,0.736842105263158,0.972972972972973,0
386,1,0.972727272727273,0,0.75,1,0,0.857142857142857,0.986175115207373,0
387,1,0.974576271186441,0,0.666666666666667,1,0,0.8,0.987124463519313,0
388,1,0.966666666666667,0,0.625,1,0,0.769230769230769,0.983050847457627,0
389,1,0.974576271186441,0,0.769230769230769,1,0,0.869565217391304,0.987124463519313,0
390,1,0.973684210526316,0,0.777777777777778,1,0,0.875,0.986666666666667,0
391,0.875,0.964912280701754,0,0.636363636363636,0.990990990990991,0,0.736842105263158,0.977777777777778,0
392,1,0.949152542372881,0,0.6,1,0,0.75,0.973913043478261,0
393,0.875,0.973913043478261,0,0.777777777777778,0.991150442477876,0,0.823529411764706,0.982456140350877,0
394,0.857142857142857,0.96,0,0.6,0.989690721649485,0,0.705882352941176,0.974619289340101,0
395,1,0.990566037735849,0,0.75,1,0,0.857142857142857,0.995260663507109,0
396,1,0.978723404255319,0,0.8,1,0,0.888888888888889,0.989247311827957,0
397,1,0.961240310077519,0,0.545454545454545,1,0,0.705882352941176,0.980237154150198,0
398,1,0.967741935483871,0,0.666666666666667,1,0,0.8,0.983606557377049,0
399,1,0.975609756097561,0,0.727272727272727,1,0,0.842105263157895,0.987654320987654,0
400,1,0.96,0,0.583333333333333,1,0,0.736842105263158,0.979591836734694,0
401,0.875,0.982905982905983,0,0.777777777777778,0.991379310344828,0,0.823529411764706,0.987124463519313,0
402,1,0.933884297520661,0,0.5,1,0,0.666666666666667,0.965811965811966,0
403,0.8,0.962264150943396,0,0.5,0.990291262135922,0,0.615384615384615,0.976076555023923,0
404,1,0.974789915966387,0,0.727272727272727,1,0,0.842105263157895,0.987234042553191,0
405,1,0.968503937007874,0,0.428571428571429,1,0,0.6,0.984,0
406,1,0.989690721649485,0,1,1,0,1,0.994818652849741,0
407,1,0.954128440366973,0,0.5,1,0,0.666666666666667,0.976525821596244,0
408,1,0.968503937007874,0,0.75,1,0,0.857142857142857,0.984,0
409,0.888888888888889,0.983606557377049,0,0.888888888888889,0.991735537190083,0,0.888888888888889,0.987654320987654,0
410,1,0.972727272727273,0,0.571428571428571,1,0,0.727272727272727,0.986175115207373,0
411,1,0.982905982905983,0,0.833333333333333,1,0,0.909090909090909,0.991379310344828,0
412,0.833333333333333,0.974789915966387,0,0.625,0.991452991452991,0,0.714285714285714,0.983050847457627,0
413,0.857142857142857,0.990990990990991,0,0.857142857142857,0.990990990990991,0,0.857142857142857,0.990990990990991,0
414,1,0.935185185185185,0,0.538461538461538,1,0,0.7,0.966507177033493,0
415,1,0.946428571428571,0,0.666666666666667,1,0,0.8,0.972477064220183,0
416,0.8,0.966386554621849,0,0.5,0.991379310344828,0,0.615384615384615,0.978723404255319,0
417,1,0.944954128440367,0,0.666666666666667,1,0,0.8,0.971698113207547,0
418,1,0.974789915966387,0,0.727272727272727,1,0,0.842105263157895,0.987234042553191,0
419,1,0.964601769911504,0,0.625,1,0,0.769230769230769,0.981981981981982,0
420,1,0.936,0,0.454545454545455,1,0,0.625,0.966942148760331,0
421,0.857142857142857,0.951219512195122,0,0.545454545454545,0.991525423728814,0,0.666666666666667,0.970954356846473,0
422,1,0.964912280701754,0,0.692307692307692,1,0,0.818181818181818,0.982142857142857,0
423,1,0.933333333333333,0,0.6,1,0,0.75,0.96551724137931,0
424,0.888888888888889,0.975806451612903,0,0.727272727272727,0.991803278688525,0,0.8,0.983739837398374,0
425,1,0.966386554621849,0,0.666666666666667,1,0,0.8,0.982905982905983,0
426,0.8,0.93984962406015,0,0.333333333333333,0.992063492063492,0,0.470588235294118,0.965250965250965,0
427,1,0.941176470588235,0,0.333333333333333,1,0,0.5,0.96969696969697,0
428,1,0.981651376146789,0,0.75,1,0,0.857142857142857,0.990740740740741,0
429,1,0.983050847457627,0,0.8,1,0,0.888888888888889,0.991452991452991,0
430,1,0.959349593495935,0,0.555555555555556,1,0,0.714285714285714,0.979253112033195,0
431,0.909090909090909,0.977272727272727,0,0.833333333333333,0.992307692307692,0,0.869565217391304,0.984732824427481,0
432,1,0.968,0,0.692307692307692,1,0,0.818181818181818,0.983739837398374,0
433,1,0.966942148760331,0,0.6,1,0,0.75,0.983193277310924,0
434,0.888888888888889,0.975409836065574,0,0.727272727272727,0.991666666666667,0,0.8,0.983471074380165,0
435,0.8,0.991379310344828,0,0.8,0.991379310344828,0,0.8,0.991379310344828,0
436,0.857142857142857,0.926829268292683,0,0.461538461538462,0.991304347826087,0,0.6,0.957983193277311,0
437,1,0.991228070175439,0,0.833333333333333,1,0,0.909090909090909,0.995594713656388,0
438,1,0.963302752293578,0,0.6,1,0,0.75,0.981308411214953,0
439,0.833333333333333,0.956140350877193,0,0.555555555555556,0.990909090909091,0,0.666666666666667,0.973214285714286,0
440,1,0.982608695652174,0,0.818181818181818,1,0,0.9,0.991228070175439,0
441,1,0.959016393442623,0,0.692307692307692,1,0,0.818181818181818,0.97907949790795,0
442,1,0.963963963963964,0,0.625,1,0,0.769230769230769,0.981651376146789,0
443,1,0.991304347826087,0,0.833333333333333,1,0,0.909090909090909,0.995633187772926,0
444,0.875,0.954954954954955,0,0.583333333333333,0.990654205607477,0,0.7,0.972477064220184,0
445,1,0.963963963963964,0,0.7,1,0,0.823529411764706,0.981651376146789,0
446,0.875,0.974358974358974,0,0.777777777777778,0.991304347826087,0,0.823529411764706,0.982758620689655,0
447,1,0.982905982905983,0,0.75,1,0,0.857142857142857,0.991379310344828,0
448,1,0.982456140350877,0,0.75,1,0,0.857142857142857,0.991150442477876,0
449,1,0.973451327433628,0,0.666666666666667,1,0,0.8,0.986547085201794,0
450,1,0.967213114754098,0,0.571428571428571,1,0,0.727272727272727,0.983333333333333,0
451,0.916666666666667,0.98989898989899,0,0.916666666666667,0.98989898989899,0,0.916666666666667,0.98989898989899,0
452,1,0.962962962962963,0,0.5,1,0,0.666666666666667,0.981132075471698,0
453,1,0.984615384615385,0,0.8,1,0,0.888888888888889,0.992248062015504,0
454,1,0.962264150943396,0,0.6,1,0,0.75,0.980769230769231,0
455,1,0.975,0,0.666666666666667,1,0,0.8,0.987341772151899,0
456,1,0.925925925925926,0,0.461538461538462,1,0,0.631578947368421,0.961538461538461,0
457,0.833333333333333,0.991379310344828,0,0.833333333333333,0.991379310344828,0,0.833333333333333,0.991379310344828,0
458,1,0.974137931034483,0,0.7,1,0,0.823529411764706,0.986899563318777,0
459,1,0.974137931034483,0,0.75,1,0,0.857142857142857,0.986899563318777,0
460,0.9,0.990825688073395,0,0.9,0.990825688073395,0,0.9,0.990825688073395,0
461,1,0.974137931034483,0,0.769230769230769,1,0,0.869565217391304,0.986899563318777,0
462,1,0.957627118644068,0,0.615384615384615,1,0,0.761904761904762,0.978354978354978,0
463,1,0.984126984126984,0,0.875,1,0,0.933333333333333,0.992,0
464,1,0.967213114754098,0,0.571428571428571,1,0,0.727272727272727,0.983333333333333,0
465,1,1,0,1,1,0,1,1,0
466,1,0.982905982905983,0,0.714285714285714,1,0,0.833333333333333,0.991379310344828,0
467,1,0.981818181818182,0,0.8,1,0,0.888888888888889,0.990825688073394,0
468,1,0.982300884955752,0,0.666666666666667,1,0,0.8,0.991071428571429,0
469,0.888888888888889,0.981481481481482,0,0.8,0.990654205607477,0,0.842105263157895,0.986046511627907,0
470,1,0.959677419354839,0,0.555555555555556,1,0,0.714285714285714,0.979423868312757,0
471,1,0.952,0,0.538461538461538,1,0,0.7,0.975409836065574,0
472,0.9,0.939655172413793,0,0.642857142857143,0.990909090909091,0,0.75,0.964601769911504,0
473,0.875,0.967213114754098,0,0.636363636363636,0.991596638655462,0,0.736842105263158,0.979253112033195,0
474,0.875,0.981481481481482,0,0.777777777777778,0.990654205607477,0,0.823529411764706,0.986046511627907,0
475,0.833333333333333,0.950819672131147,0,0.5,0.991452991452991,0,0.625,0.97071129707113,0
476,0.875,0.982456140350877,0,0.875,0.991150442477876,0,0.875,0.986784140969163,0
477,1,0.957983193277311,0,0.444444444444444,1,0,0.615384615384615,0.978540772532189,0
478,1,0.963302752293578,0,0.625,1,0,0.769230769230769,0.981308411214953,0
479,0.888888888888889,0.966386554621849,0,0.666666666666667,0.991379310344828,0,0.761904761904762,0.978723404255319,0
480,1,0.926229508196721,0,0.466666666666667,1,0,0.636363636363636,0.961702127659575,0
481,0.928571428571429,0.991379310344828,0,0.928571428571429,0.991379310344828,0,0.928571428571429,0.991379310344828,0
482,0.75,0.960629921259842,0,0.428571428571429,0.991869918699187,0,0.545454545454545,0.976,0
483,1,0.95,0,0.666666666666667,1,0,0.8,0.974358974358974,0
484,1,0.966101694915254,0,0.625,1,0,0.769230769230769,0.982758620689655,0
485,1,0.991525423728814,0,1,1,0,1,0.995744680851064,0
486,1,0.944,0,0.538461538461538,1,0,0.7,0.97119341563786,0
487,1,0.961904761904762,0,0.666666666666667,1,0,0.8,0.980582524271845,0
488,1,0.957627118644068,0,0.615384615384615,1,0,0.761904761904762,0.978354978354978,0
489,1,0.945945945945946,0,0.333333333333333,1,0,0.5,0.972222222222222,0
490,1,0.967741935483871,0,0.818181818181818,1,0,0.9,0.983606557377049,0
491,1,0.964285714285714,0,0.8,1,0,0.888888888888889,0.981818181818182,0
492,1,0.962616822429907,0,0.7,1,0,0.823529411764706,0.980952380952381,0
493,0.909090909090909,0.973913043478261,0,0.769230769230769,0.991150442477876,0,0.833333333333333,0.982456140350877,0
494,0.833333333333333,0.974358974358974,0,0.714285714285714,0.991304347826087,0,0.769230769230769,0.982758620689655,0
495,1,0.971153846153846,0,0.727272727272727,1,0,0.842105263157895,0.985365853658537,0
496,1,0.961538461538462,0,0.727272727272727,1,0,0.842105263157895,0.980392156862745,0
497,1,0.974358974358974,0,0.727272727272727,1,0,0.842105263157895,0.987012987012987,0
498,0.833333333333333,0.990825688073395,0,0.833333333333333,0.990825688073395,0,0.833333333333333,0.990825688073395,0
499,1,0.963302752293578,0,0.5,1,0,0.666666666666667,0.981308411214953,0
500,1,0.984251968503937,0,0.666666666666667,1,0,0.8,0.992063492063492,0
501,0.8,0.9765625,0,0.666666666666667,0.992063492063492,0,0.727272727272727,0.984251968503937,0
502,1,0.955752212389381,0,0.6,1,0,0.75,0.97737556561086,0
503,0.875,0.957983193277311,0,0.583333333333333,0.991304347826087,0,0.7,0.974358974358974,0
504,1,0.968,0,0.714285714285714,1,0,0.833333333333333,0.983739837398374,0
505,0.875,0.955357142857143,0,0.636363636363636,0.990740740740741,0,0.736842105263158,0.972727272727273,0
506,1,0.981132075471698,0,0.6,1,0,0.75,0.990476190476191,0
507,1,0.948275862068966,0,0.333333333333333,1,0,0.5,0.973451327433628,0
508,0.916666666666667,0.966666666666667,0,0.785714285714286,0.991452991452991,0,0.846153846153846,0.978902953586498,0
509,0.875,0.972972972972973,0,0.7,0.990825688073395,0,0.777777777777778,0.981818181818182,0
510,1,0.983471074380165,0,0.888888888888889,1,0,0.941176470588235,0.991666666666667,0
511,1,0.990654205607477,0,0.8,1,0,0.888888888888889,0.995305164319249,0
512,1,0.983471074380165,0,0.833333333333333,1,0,0.909090909090909,0.991666666666667,0
513,1,0.972972972972973,0,0.75,1,0,0.857142857142857,0.986301369863014,0
514,1,0.982142857142857,0,0.818181818181818,1,0,0.9,0.990990990990991,0
515,1,0.951219512195122,0,0.636363636363636,1,0,0.777777777777778,0.975,0
516,1,1,0,1,1,0,1,1,0
517,1,0.965217391304348,0,0.727272727272727,1,0,0.842105263157895,0.982300884955752,0
518,1,0.967479674796748,0,0.692307692307692,1,0,0.818181818181818,0.983471074380165,0
519,1,0.975206611570248,0,0.666666666666667,1,0,0.8,0.98744769874477,0
520,0.909090909090909,0.982758620689655,0,0.909090909090909,0.991304347826087,0,0.909090909090909,0.987012987012987,0
521,1,0.96551724137931,0,0.714285714285714,1,0,0.833333333333333,0.982456140350877,0
522,0.8,0.982300884955752,0,0.666666666666667,0.991071428571429,0,0.727272727272727,0.986666666666667,0
523,1,0.951612903225806,0,0.642857142857143,1,0,0.782608695652174,0.975206611570248,0
524,1,0.990196078431373,0,0.75,1,0,0.857142857142857,0.995073891625616,0
525,1,0.958333333333333,0,0.6875,1,0,0.814814814814815,0.978723404255319,0
526,1,0.96031746031746,0,0.583333333333333,1,0,0.736842105263158,0.979757085020243,0
527,1,0.941666666666667,0,0.538461538461538,1,0,0.7,0.969957081545064,0
528,0.888888888888889,0.956896551724138,0,0.666666666666667,0.991071428571429,0,0.761904761904762,0.973684210526316,0
529,0.888888888888889,0.981981981981982,0,0.8,0.990909090909091,0,0.842105263157895,0.986425339366516,0
530,1,0.968,0,0.7,1,0,0.823529411764706,0.983739837398374,0
531,1,0.96031746031746,0,0.5,1,0,0.666666666666667,0.979757085020243,0
532,0.875,0.954128440366973,0,0.636363636363636,0.990476190476191,0,0.736842105263158,0.97196261682243,0
533,0.8,0.974137931034483,0,0.666666666666667,0.991228070175439,0,0.727272727272727,0.982608695652174,0
534,1,0.981981981981982,0,0.846153846153846,1,0,0.916666666666667,0.990909090909091,0
535,1,0.980952380952381,0,0.5,1,0,0.666666666666667,0.990384615384615,0
536,0.875,0.972972972972973,0,0.7,0.990825688073395,0,0.777777777777778,0.981818181818182,0
537,1,0.983333333333333,0,0.777777777777778,1,0,0.875,0.991596638655462,0
538,1,0.954128440366973,0,0.636363636363636,1,0,0.777777777777778,0.976525821596244,0
539,0.888888888888889,0.990654205607477,0,0.888888888888889,0.990654205607477,0,0.888888888888889,0.990654205607477,0
540,1,0.958677685950413,0,0.545454545454545,1,0,0.705882352941176,0.978902953586498,0
541,0.909090909090909,0.978947368421053,0,0.833333333333333,0.98936170212766,0,0.869565217391304,0.984126984126984,0
542,1,0.933884297520661,0,0.384615384615385,1,0,0.555555555555556,0.965811965811966,0
543,0.8,0.968503937007874,0,0.666666666666667,0.991935483870968,0,0.727272727272727,0.980079681274901,0
544,1,0.973913043478261,0,0.8,1,0,0.888888888888889,0.986784140969163,0
545,1,0.981132075471698,0,0.916666666666667,1,0,0.956521739130435,0.990476190476191,0
546,0.875,0.975409836065574,0,0.777777777777778,0.991666666666667,0,0.823529411764706,0.983471074380165,0
547,1,0.990909090909091,0,0.75,1,0,0.857142857142857,0.995433789954338,0
548,0.909090909090909,0.96,0,0.666666666666667,0.991735537190083,0,0.769230769230769,0.975609756097561,0
549,1,0.976377952755906,0,0.7,1,0,0.823529411764706,0.98804780876494,0
550,1,0.962616822429907,0,0.4,1,0,0.571428571428572,0.980952380952381,0
551,0.857142857142857,0.981651376146789,0,0.75,0.990740740740741,0,0.8,0.986175115207373,0
552,0.875,0.966666666666667,0,0.7,0.988636363636364,0,0.777777777777778,0.97752808988764,0
553,1,0.977099236641221,0,0.75,1,0,0.857142857142857,0.988416988416988,0
554,1,0.973214285714286,0,0.714285714285714,1,0,0.833333333333333,0.986425339366516,0
555,0.909090909090909,0.945736434108527,0,0.588235294117647,0.991869918699187,0,0.714285714285714,0.968253968253968,0
556,1,0.976377952755906,0,0.769230769230769,1,0,0.869565217391304,0.98804780876494,0
557,1,0.971153846153846,0,0.666666666666667,1,0,0.8,0.985365853658537,0
558,1,0.95,0,0.444444444444444,1,0,0.615384615384615,0.974358974358974,0
559,1,0.980582524271845,0,0.777777777777778,1,0,0.875,0.990196078431373,0
560,1,0.989690721649485,0,0.888888888888889,1,0,0.941176470588235,0.994818652849741,0
561,1,0.979166666666667,0,0.833333333333333,1,0,0.909090909090909,0.989473684210526,0
562,1,0.964285714285714,0,0.5,1,0,0.666666666666667,0.981818181818182,0
563,0.888888888888889,0.956140350877193,0,0.727272727272727,0.990909090909091,0,0.8,0.973214285714286,0
564,1,0.953271028037383,0,0.692307692307692,1,0,0.818181818181818,0.976076555023924,0
565,0.875,0.964912280701754,0,0.7,0.990990990990991,0,0.777777777777778,0.977777777777778,0
566,1,0.959016393442623,0,0.733333333333333,1,0,0.846153846153846,0.97907949790795,0
567,0.8,0.970802919708029,0,0.5,0.992537313432836,0,0.615384615384615,0.981549815498155,0
568,1,0.973913043478261,0,0.625,1,0,0.769230769230769,0.986784140969163,0
569,1,0.972972972972973,0,0.75,1,0,0.857142857142857,0.986301369863014,0
570,1,0.981481481481482,0,0.833333333333333,1,0,0.909090909090909,0.990654205607477,0
571,1,0.971698113207547,0,0.769230769230769,1,0,0.869565217391304,0.985645933014354,0
572,0.857142857142857,0.9375,0,0.545454545454545,0.990566037735849,0,0.666666666666667,0.963302752293578,0
573,0.857142857142857,0.959016393442623,0,0.6,0.991525423728814,0,0.705882352941176,0.975,0
574,0.923076923076923,0.972972972972973,0,0.8,0.990825688073395,0,0.857142857142857,0.981818181818182,0
575,0.875,0.967479674796748,0,0.7,0.991666666666667,0,0.777777777777778,0.979423868312757,0
576,1,0.961904761904762,0,0.666666666666667,1,0,0.8,0.980582524271845,0
577,1,0.972222222222222,0,0.818181818181818,1,0,0.9,0.985915492957746,0
578,1,0.990566037735849,0,0.857142857142857,1,0,0.923076923076923,0.995260663507109,0
579,1,0.96039603960396,0,0.714285714285714,1,0,0.833333333333333,0.97979797979798,0
580,1,0.981981981981982,0,0.818181818181818,1,0,0.9,0.990909090909091,0
581,1,0.934959349593496,0,0.384615384615385,1,0,0.555555555555556,0.966386554621849,0
582,1,0.983870967741935,0,0.75,1,0,0.857142857142857,0.991869918699187,0
583,1,0.991869918699187,0,0.875,1,0,0.933333333333333,0.995918367346939,0
584,1,0.990654205607477,0,0.8,1,0,0.888888888888889,0.995305164319249,0
585,0.8,0.961165048543689,0,0.5,0.99,0,0.615384615384615,0.975369458128079,0
586,0.888888888888889,0.983193277310924,0,0.8,0.991525423728814,0,0.842105263157895,0.987341772151899,0
587,0.888888888888889,0.975206611570248,0,0.727272727272727,0.991596638655462,0,0.8,0.983333333333333,0
588,1,0.973913043478261,0,0.777777777777778,1,0,0.875,0.986784140969163,0
589,0.833333333333333,0.990476190476191,0,0.833333333333333,0.990476190476191,0,0.833333333333333,0.990476190476191,0
590,1,0.957627118644068,0,0.583333333333333,1,0,0.736842105263158,0.978354978354978,0
591,0.875,0.981818181818182,0,0.875,0.990825688073395,0,0.875,0.986301369863014,0
592,1,0.984126984126984,0,0.818181818181818,1,0,0.9,0.992,0
593,1,0.936363636363636,0,0.375,1,0,0.545454545454545,0.967136150234742,0
594,0.888888888888889,0.969230769230769,0,0.727272727272727,0.992125984251969,0,0.8,0.980544747081712,0
595,1,0.982608695652174,0,0.777777777777778,1,0,0.875,0.991228070175439,0
596,1,0.935779816513762,0,0.647058823529412,1,0,0.785714285714286,0.966824644549763,0
597,1,0.967479674796748,0,0.7,1,0,0.823529411764706,0.983471074380165,0
598,1,0.981818181818182,0,0.8,1,0,0.888888888888889,0.990825688073394,0
599,1,0.971698113207547,0,0.777777777777778,1,0,0.875,0.985645933014354,0
600,1,0.973451327433628,0,0.4,1,0,0.571428571428572,0.986547085201794,0
601,0.857142857142857,0.955752212389381,0,0.6,0.990825688073395,0,0.705882352941176,0.972972972972973,0
602,1,0.968253968253968,0,0.636363636363636,1,0,0.777777777777778,0.983870967741935,0
603,1,0.964285714285714,0,0.789473684210526,1,0,0.882352941176471,0.981818181818182,0
604,1,0.982456140350877,0,0.818181818181818,1,0,0.9,0.991150442477876,0
605,1,0.950413223140496,0,0.545454545454545,1,0,0.705882352941176,0.974576271186441,0
606,0.8,0.951219512195122,0,0.4,0.991525423728814,0,0.533333333333333,0.970954356846473,0
607,0.8,0.98,0,0.666666666666667,0.98989898989899,0,0.727272727272727,0.984924623115578,0
608,1,0.937984496124031,0,0.222222222222222,1,0,0.363636363636364,0.968,0
609,1,0.95,0,0.6,1,0,0.75,0.974358974358974,0
610,1,0.941747572815534,0,0.142857142857143,1,0,0.25,0.97,0
611,1,0.982608695652174,0,0.777777777777778,1,0,0.875,0.991228070175439,0
612,1,0.99009900990099,0,0.8,1,0,0.888888888888889,0.995024875621891,0
613,1,0.983333333333333,0,0.888888888888889,1,0,0.941176470588235,0.991596638655462,0
614,1,0.958677685950413,0,0.6,1,0,0.75,0.978902953586498,0
615,1,0.982456140350877,0,0.666666666666667,1,0,0.8,0.991150442477876,0
616,1,0.973451327433628,0,0.714285714285714,1,0,0.833333333333333,0.986547085201794,0
617,1,0.963636363636364,0,0.555555555555556,1,0,0.714285714285714,0.981481481481482,0
618,1,0.951612903225806,0,0.428571428571429,1,0,0.6,0.975206611570248,0
619,1,0.983606557377049,0,0.714285714285714,1,0,0.833333333333333,0.991735537190083,0
620,1,0.959016393442623,0,0.555555555555556,1,0,0.714285714285714,0.97907949790795,0
621,1,0.966942148760331,0,0.5,1,0,0.666666666666667,0.983193277310924,0
622,1,0.956896551724138,0,0.625,1,0,0.769230769230769,0.977973568281938,0
623,0.9,0.962962962962963,0,0.75,0.990476190476191,0,0.818181818181818,0.976525821596244,0
624,1,0.983050847457627,0,0.75,1,0,0.857142857142857,0.991452991452991,0
625,0.916666666666667,0.981132075471698,0,0.916666666666667,0.990476190476191,0,0.916666666666667,0.985781990521327,0
626,1,0.959677419354839,0,0.666666666666667,1,0,0.8,0.979423868312757,0
627,1,0.927272727272727,0,0.461538461538462,1,0,0.631578947368421,0.962264150943396,0
628,0.9,0.938144329896907,0,0.6,0.989130434782609,0,0.72,0.962962962962963,0
629,0.833333333333333,0.932835820895522,0,0.416666666666667,0.992063492063492,0,0.555555555555556,0.961538461538462,0
630,0.909090909090909,0.990825688073395,0,0.909090909090909,0.990825688073395,0,0.909090909090909,0.990825688073395,0
631,0.8,0.96,0,0.444444444444444,0.991735537190083,0,0.571428571428571,0.975609756097561,0
632,0.8,1,0,1,0.990909090909091,0,0.888888888888889,0.995433789954338,0
633,0.857142857142857,0.960629921259842,0,0.6,0.991869918699187,0,0.705882352941176,0.976,0
634,1,0.982905982905983,0,0.75,1,0,0.857142857142857,0.991379310344828,0
635,1,0.961538461538462,0,0.636363636363636,1,0,0.777777777777778,0.980392156862745,0
636,1,0.98936170212766,0,0.9,1,0,0.947368421052632,0.994652406417112,0
637,1,0.963963963963964,0,0.666666666666667,1,0,0.8,0.981651376146789,0
638,1,0.96,0,0.545454545454545,1,0,0.705882352941176,0.979591836734694,0
639,0.875,0.959349593495935,0,0.583333333333333,0.991596638655462,0,0.7,0.975206611570248,0
640,1,0.974576271186441,0,0.727272727272727,1,0,0.842105263157895,0.987124463519313,0
641,1,0.974576271186441,0,0.75,1,0,0.857142857142857,0.987124463519313,0
642,1,0.984126984126984,0,0.8,1,0,0.888888888888889,0.992,0
643,0.857142857142857,0.982905982905983,0,0.75,0.991379310344828,0,0.8,0.987124463519313,0
644,0.875,0.961832061068702,0,0.583333333333333,0.992125984251969,0,0.7,0.976744186046512,0
645,0.9,0.975609756097561,0,0.818181818181818,0.991735537190083,0,0.857142857142857,0.983606557377049,0
646,1,0.980952380952381,0,0.8,1,0,0.888888888888889,0.990384615384615,0
647,0.875,0.975806451612903,0,0.7,0.991803278688525,0,0.777777777777778,0.983739837398374,0
648,1,0.955357142857143,0,0.625,1,0,0.769230769230769,0.97716894977169,0
649,1,0.953125,0,0.5,1,0,0.666666666666667,0.976,0
650,1,0.964601769911504,0,0.571428571428571,1,0,0.727272727272727,0.981981981981982,0
651,0.857142857142857,0.957983193277311,0,0.6,0.991304347826087,0,0.705882352941176,0.974358974358974,0
652,1,0.957264957264957,0,0.692307692307692,1,0,0.818181818181818,0.978165938864629,0
653,1,0.950819672131147,0,0.454545454545455,1,0,0.625,0.974789915966387,0
654,1,0.962962962962963,0,0.727272727272727,1,0,0.842105263157895,0.981132075471698,0
655,1,0.955357142857143,0,0.5,1,0,0.666666666666667,0.97716894977169,0
656,1,0.978947368421053,0,0.8,1,0,0.888888888888889,0.98936170212766,0
657,1,0.954887218045113,0,0.5,1,0,0.666666666666667,0.976923076923077,0
658,1,0.975,0,0.777777777777778,1,0,0.875,0.987341772151899,0
659,1,0.945454545454545,0,0.6,1,0,0.75,0.97196261682243,0
660,0.9,0.990476190476191,0,0.9,0.990476190476191,0,0.9,0.990476190476191,0
661,1,0.981308411214953,0,0.818181818181818,1,0,0.9,0.990566037735849,0
662,1,0.981651376146789,0,0.666666666666667,1,0,0.8,0.990740740740741,0
663,1,0.975,0,0.714285714285714,1,0,0.833333333333333,0.987341772151899,0
664,1,0.975409836065574,0,0.75,1,0,0.857142857142857,0.987551867219917,0
665,1,0.955752212389381,0,0.6,1,0,0.75,0.97737556561086,0
666,1,0.981651376146789,0,0.6,1,0,0.75,0.990740740740741,0
667,1,0.954954954954955,0,0.583333333333333,1,0,0.736842105263158,0.976958525345622,0
668,1,0.966386554621849,0,0.75,1,0,0.857142857142857,0.982905982905983,0
669,0.75,0.959016393442623,0,0.428571428571429,0.991525423728814,0,0.545454545454545,0.975,0
670,1,0.956140350877193,0,0.555555555555556,1,0,0.714285714285714,0.977578475336323,0
671,1,0.970588235294118,0,0.666666666666667,1,0,0.8,0.985074626865672,0
672,1,0.974137931034483,0,0.75,1,0,0.857142857142857,0.986899563318777,0
673,1,0.990566037735849,0,0.888888888888889,1,0,0.941176470588235,0.995260663507109,0
674,1,0.967741935483871,0,0.777777777777778,1,0,0.875,0.983606557377049,0
675,1,0.966666666666667,0,0.333333333333333,1,0,0.5,0.983050847457627,0
676,1,0.974576271186441,0,0.727272727272727,1,0,0.842105263157895,0.987124463519313,0
677,1,0.981651376146789,0,0.777777777777778,1,0,0.875,0.990740740740741,0
678,1,0.956140350877193,0,0.642857142857143,1,0,0.782608695652174,0.977578475336323,0
679,1,0.974358974358974,0,0.714285714285714,1,0,0.833333333333333,0.987012987012987,0
680,1,0.973214285714286,0,0.8,1,0,0.888888888888889,0.986425339366516,0
681,0.909090909090909,0.957627118644068,0,0.714285714285714,0.991228070175439,0,0.8,0.974137931034483,0
682,1,0.980952380952381,0,0.916666666666667,1,0,0.956521739130435,0.990384615384615,0
683,1,0.981481481481482,0,0.714285714285714,1,0,0.833333333333333,0.990654205607477,0
684,0.888888888888889,0.956896551724138,0,0.666666666666667,0.991071428571429,0,0.761904761904762,0.973684210526316,0
685,1,0.954954954954955,0,0.555555555555556,1,0,0.714285714285714,0.976958525345622,0
686,1,0.990909090909091,0,0.857142857142857,1,0,0.923076923076923,0.995433789954338,0
687,1,0.958333333333333,0,0.75,1,0,0.857142857142857,0.978723404255319,0
688,0.888888888888889,0.991596638655462,0,0.888888888888889,0.991596638655462,0,0.888888888888889,0.991596638655462,0
689,0.8,0.97029702970297,0,0.666666666666667,0.98989898989899,0,0.727272727272727,0.98,0
690,0.888888888888889,0.980582524271845,0,0.8,0.990196078431373,0,0.842105263157895,0.985365853658537,0
691,1,0.975206611570248,0,0.777777777777778,1,0,0.875,0.98744769874477,0
692,1,0.958677685950413,0,0.5,1,0,0.666666666666667,0.978902953586498,0
693,1,0.9609375,0,0.5,1,0,0.666666666666667,0.9800796812749,0
694,1,0.912280701754386,0,0.375,1,0,0.545454545454545,0.954128440366972,0
695,1,0.955357142857143,0,0.2,1,0,0.333333333333333,0.97716894977169,0
696,0.875,0.972727272727273,0,0.777777777777778,0.990740740740741,0,0.823529411764706,0.981651376146789,0
697,0.857142857142857,0.974358974358974,0,0.666666666666667,0.991304347826087,0,0.75,0.982758620689655,0
698,1,0.969387755102041,0,0.866666666666667,1,0,0.928571428571429,0.984455958549223,0
699,1,0.976,0,0.846153846153846,1,0,0.916666666666667,0.987854251012146,0
700,0.875,0.990476190476191,0,0.875,0.990476190476191,0,0.875,0.990476190476191,0
701,1,0.957627118644068,0,0.666666666666667,1,0,0.8,0.978354978354978,0
702,1,0.964601769911504,0,0.555555555555556,1,0,0.714285714285714,0.981981981981982,0
703,1,0.976,0,0.5,1,0,0.666666666666667,0.987854251012146,0
704,1,0.957983193277311,0,0.692307692307692,1,0,0.818181818181818,0.978540772532189,0
705,1,0.901785714285714,0,0.230769230769231,1,0,0.375,0.948356807511737,0
706,1,0.971428571428571,0,0.785714285714286,1,0,0.88,0.985507246376812,0
707,1,0.983050847457627,0,0.666666666666667,1,0,0.8,0.991452991452991,0
708,0.833333333333333,0.966386554621849,0,0.555555555555556,0.991379310344828,0,0.666666666666667,0.978723404255319,0
709,0.9,0.975806451612903,0,0.75,0.991803278688525,0,0.818181818181818,0.983739837398374,0
710,1,0.953271028037383,0,0.5,1,0,0.666666666666667,0.976076555023924,0
711,1,0.943548387096774,0,0.5,1,0,0.666666666666667,0.970954356846473,0
712,1,0.9765625,0,0.75,1,0,0.857142857142857,0.988142292490119,0
713,1,0.956896551724138,0,0.5,1,0,0.666666666666667,0.977973568281938,0
714,0.875,0.989473684210526,0,0.875,0.989473684210526,0,0.875,0.989473684210526,0
715,1,0.97979797979798,0,0.8,1,0,0.888888888888889,0.989795918367347,0
716,1,0.991304347826087,0,0.833333333333333,1,0,0.909090909090909,0.995633187772926,0
717,1,0.949579831932773,0,0.666666666666667,1,0,0.8,0.974137931034483,0
718,0.833333333333333,0.974358974358974,0,0.625,0.991304347826087,0,0.714285714285714,0.982758620689655,0
719,1,0.975206611570248,0,0.666666666666667,1,0,0.8,0.98744769874477,0
720,1,0.952830188679245,0,0.428571428571429,1,0,0.6,0.975845410628019,0
721,0.875,0.976,0,0.777777777777778,0.991869918699187,0,0.823529411764706,0.983870967741935,0
722,0.888888888888889,0.991150442477876,0,0.888888888888889,0.991150442477876,0,0.888888888888889,0.991150442477876,0
723,1,0.959349593495935,0,0.571428571428571,1,0,0.727272727272727,0.979253112033195,0
724,1,0.980769230769231,0,0.833333333333333,1,0,0.909090909090909,0.990291262135922,0
725,0.9,0.942857142857143,0,0.642857142857143,0.99,0,0.75,0.965853658536585,0
726,0.833333333333333,0.973451327433628,0,0.714285714285714,0.990990990990991,0,0.769230769230769,0.982142857142857,0
727,1,0.967479674796748,0,0.666666666666667,1,0,0.8,0.983471074380165,0
728,1,0.967479674796748,0,0.333333333333333,1,0,0.5,0.983471074380165,0
729,1,0.945945945945946,0,0.454545454545455,1,0,0.625,0.972222222222222,0
730,1,0.971698113207547,0,0.8,1,0,0.888888888888889,0.985645933014354,0
731,1,0.971153846153846,0,0.666666666666667,1,0,0.8,0.985365853658537,0
732,1,0.932692307692308,0,0.615384615384615,1,0,0.761904761904762,0.965174129353234,0
733,0.8,0.915966386554622,0,0.333333333333333,0.990909090909091,0,0.470588235294118,0.951965065502183,0
734,0.9,0.963963963963964,0,0.75,0.990740740740741,0,0.818181818181818,0.977168949771689,0
735,1,0.966666666666667,0,0.625,1,0,0.769230769230769,0.983050847457627,0
736,0.857142857142857,0.983050847457627,0,0.857142857142857,0.991452991452991,0,0.857142857142857,0.987234042553191,0
737,1,0.972972972972973,0,0.666666666666667,1,0,0.8,0.986301369863014,0
738,0.888888888888889,0.956896551724138,0,0.666666666666667,0.991071428571429,0,0.761904761904762,0.973684210526316,0
739,1,0.972727272727273,0,0.75,1,0,0.857142857142857,0.986175115207373,0
740,0.888888888888889,0.965217391304348,0,0.8,0.991071428571429,0,0.842105263157895,0.977973568281938,0
741,0.8,0.94488188976378,0,0.4,0.991735537190083,0,0.533333333333333,0.967741935483871,0
742,1,0.990740740740741,0,0.875,1,0,0.933333333333333,0.995348837209302,0
743,1,0.954545454545455,0,0.615384615384615,1,0,0.761904761904762,0.976744186046512,0
744,1,0.991452991452991,0,0.9,1,0,0.947368421052632,0.995708154506438,0
745,1,0.927272727272727,0,0.588235294117647,1,0,0.740740740740741,0.962264150943396,0
746,1,0.974137931034483,0,0.666666666666667,1,0,0.8,0.986899563318777,0
747,1,0.962962962962963,0,0.8,1,0,0.888888888888889,0.981132075471698,0
748,1,0.9609375,0,0.615384615384615,1,0,0.761904761904762,0.9800796812749,0
749,1,0.991228070175439,0,0.833333333333333,1,0,0.909090909090909,0.995594713656388,0
750,1,0.970873786407767,0,0.8,1,0,0.888888888888889,0.985221674876847,0
751,1,0.968503937007874,0,0.625,1,0,0.769230769230769,0.984,0
752,1,0.983193277310924,0,0.666666666666667,1,0,0.8,0.991525423728813,0
753,1,0.947826086956522,0,0.5,1,0,0.666666666666667,0.973214285714286,0
754,1,0.953125,0,0.666666666666667,1,0,0.8,0.976,0
755,1,0.96,0,0.666666666666667,1,0,0.8,0.979591836734694,0
756,1,0.966386554621849,0,0.625,1,0,0.769230769230769,0.982905982905983,0
757,0.933333333333333,0.956521739130435,0,0.777777777777778,0.990990990990991,0,0.848484848484849,0.973451327433628,0
758,1,0.96,0,0.692307692307692,1,0,0.818181818181818,0.979591836734694,0
759,1,0.966386554621849,0,0.625,1,0,0.769230769230769,0.982905982905983,0
760,1,0.990291262135922,0,0.916666666666667,1,0,0.956521739130435,0.995121951219512,0
761,1,0.982142857142857,0,0.8,1,0,0.888888888888889,0.990990990990991,0
762,0.888888888888889,0.933333333333333,0,0.533333333333333,0.991150442477876,0,0.666666666666667,0.96137339055794,0
763,1,0.953488372093023,0,0.555555555555556,1,0,0.714285714285714,0.976190476190476,0
764,0.9,0.975,0,0.75,0.991525423728814,0,0.818181818181818,0.983193277310924,0
765,1,0.967213114754098,0,0.571428571428571,1,0,0.727272727272727,0.983333333333333,0
766,1,0.961165048543689,0,0.555555555555556,1,0,0.714285714285714,0.98019801980198,0
767,1,0.981132075471698,0,0.75,1,0,0.857142857142857,0.990476190476191,0
768,1,0.984962406015038,0,0.9,1,0,0.947368421052632,0.992424242424242,0
769,1,0.97979797979798,0,0.75,1,0,0.857142857142857,0.989795918367347,0
770,1,0.967741935483871,0,0.666666666666667,1,0,0.8,0.983606557377049,0
771,1,0.955357142857143,0,0.555555555555556,1,0,0.714285714285714,0.97716894977169,0
772,0.888888888888889,0.957983193277311,0,0.666666666666667,0.991304347826087,0,0.761904761904762,0.974358974358974,0
773,1,0.981481481481482,0,0.714285714285714,1,0,0.833333333333333,0.990654205607477,0
774,0.875,0.958677685950413,0,0.636363636363636,0.991452991452991,0,0.736842105263158,0.974789915966387,0
775,1,0.970588235294118,0,0.818181818181818,1,0,0.9,0.985074626865672,0
776,0.928571428571429,0.942857142857143,0,0.722222222222222,0.99,0,0.8125,0.965853658536585,0
777,0.8,0.991666666666667,0,1,0.991666666666667,0,0.888888888888889,0.991666666666667,0
778,0.9,0.973214285714286,0,0.75,0.990909090909091,0,0.818181818181818,0.981981981981982,0
779,0.857142857142857,0.953488372093023,0,0.545454545454545,0.991935483870968,0,0.666666666666667,0.972332015810277,0
780,1,0.968,0,0.666666666666667,1,0,0.8,0.983739837398374,0
781,0.833333333333333,0.957983193277311,0,0.5,0.991304347826087,0,0.625,0.974358974358974,0
782,0.9,0.966101694915254,0,0.75,0.991304347826087,0,0.818181818181818,0.978540772532189,0
783,0.9,0.983471074380165,0,0.818181818181818,0.991666666666667,0,0.857142857142857,0.987551867219917,0
784,0.8,0.961904761904762,0,0.5,0.990196078431373,0,0.615384615384615,0.975845410628019,0
785,1,0.961240310077519,0,0.428571428571429,1,0,0.6,0.980237154150198,0
786,1,0.983050847457627,0,0.857142857142857,1,0,0.923076923076923,0.991452991452991,0
787,0.833333333333333,0.957983193277311,0,0.5,0.991304347826087,0,0.625,0.974358974358974,0
788,0.888888888888889,0.971153846153846,0,0.8,0.990196078431373,0,0.842105263157895,0.980582524271845,0
789,1,0.982456140350877,0,0.666666666666667,1,0,0.8,0.991150442477876,0
790,0.857142857142857,0.956140350877193,0,0.6,0.990909090909091,0,0.705882352941176,0.973214285714286,0
791,1,0.976,0,0.727272727272727,1,0,0.842105263157895,0.987854251012146,0
792,0.5,0.93859649122807,0,0.125,0.990740740740741,0,0.2,0.963963963963964,0
793,1,0.955357142857143,0,0.444444444444444,1,0,0.615384615384615,0.97716894977169,0
794,1,0.971428571428571,0,0.571428571428571,1,0,0.727272727272727,0.985507246376812,0
795,1,0.956521739130435,0,0.571428571428571,1,0,0.727272727272727,0.977777777777778,0
796,1,0.97196261682243,0,0.866666666666667,1,0,0.928571428571429,0.985781990521327,0
797,0.875,0.981481481481482,0,0.777777777777778,0.990654205607477,0,0.823529411764706,0.986046511627907,0
798,1,0.958677685950413,0,0.7,1,0,0.823529411764706,0.978902953586498,0
799,1,0.934579439252336,0,0.571428571428571,1,0,0.727272727272727,0.966183574879227,0
800,1,0.968503937007874,0,0.555555555555556,1,0,0.714285714285714,0.984,0
801,0.875,0.983050847457627,0,0.777777777777778,0.991452991452991,0,0.823529411764706,0.987234042553191,0
802,1,0.974137931034483,0,0.777777777777778,1,0,0.875,0.986899563318777,0
803,0.857142857142857,0.938053097345133,0,0.5,0.990654205607477,0,0.631578947368421,0.963636363636364,0
804,1,0.965217391304348,0,0.692307692307692,1,0,0.818181818181818,0.982300884955752,0
805,1,0.959677419354839,0,0.636363636363636,1,0,0.777777777777778,0.979423868312757,0
806,1,0.973684210526316,0,0.833333333333333,1,0,0.909090909090909,0.986666666666667,0
807,1,0.959016393442623,0,0.714285714285714,1,0,0.833333333333333,0.97907949790795,0
808,1,0.963302752293578,0,0.8,1,0,0.888888888888889,0.981308411214953,0
809,1,0.966942148760331,0,0.6,1,0,0.75,0.983193277310924,0
810,1,0.972727272727273,0,0.625,1,0,0.769230769230769,0.986175115207373,0
811,1,0.965811965811966,0,0.692307692307692,1,0,0.818181818181818,0.982608695652174,0
812,1,0.943548387096774,0,0.647058823529412,1,0,0.785714285714286,0.970954356846473,0
813,1,0.966942148760331,0,0.6,1,0,0.75,0.983193277310924,0
814,0.875,0.967479674796748,0,0.7,0.991666666666667,0,0.777777777777778,0.979423868312757,0
815,1,0.956989247311828,0,0.692307692307692,1,0,0.818181818181818,0.978021978021978,0
816,1,0.934579439252336,0,0.4,1,0,0.571428571428572,0.966183574879227,0
817,1,0.931623931623932,0,0.529411764705882,1,0,0.692307692307692,0.964601769911504,0
818,1,0.97196261682243,0,0.75,1,0,0.857142857142857,0.985781990521327,0
819,1,0.955752212389381,0,0.5,1,0,0.666666666666667,0.97737556561086,0
820,0.833333333333333,0.950819672131147,0,0.5,0.991452991452991,0,0.625,0.97071129707113,0
821,1,0.974576271186441,0,0.75,1,0,0.857142857142857,0.987124463519313,0
822,1,0.983193277310924,0,0.857142857142857,1,0,0.923076923076923,0.991525423728813,0
823,0.833333333333333,0.967213114754098,0,0.714285714285714,0.991596638655462,0,0.769230769230769,0.979253112033195,0
824,1,0.946902654867257,0,0.538461538461538,1,0,0.7,0.972727272727273,0
825,1,0.952755905511811,0,0.375,1,0,0.545454545454545,0.975806451612903,0
826,1,0.981132075471698,0,0.818181818181818,1,0,0.9,0.990476190476191,0
827,0.857142857142857,0.967213114754098,0,0.6,0.991596638655462,0,0.705882352941176,0.979253112033195,0
828,0.8,0.964601769911504,0,0.571428571428571,0.990909090909091,0,0.666666666666667,0.977578475336323,0
829,0.857142857142857,0.967741935483871,0,0.666666666666667,0.991735537190083,0,0.75,0.979591836734694,0
830,1,0.978260869565217,0,0.666666666666667,1,0,0.8,0.989010989010989,0
831,1,0.934959349593496,0,0.384615384615385,1,0,0.555555555555556,0.966386554621849,0
832,1,0.940677966101695,0,0.454545454545455,1,0,0.625,0.96943231441048,0
833,1,0.959677419354839,0,0.5,1,0,0.666666666666667,0.979423868312757,0
834,0.875,0.95,0,0.538461538461538,0.991304347826087,0,0.666666666666667,0.970212765957447,0
835,1,0.991304347826087,0,0.909090909090909,1,0,0.952380952380952,0.995633187772926,0
836,1,0.972727272727273,0,0.727272727272727,1,0,0.842105263157895,0.986175115207373,0
837,0.933333333333333,0.956521739130435,0,0.823529411764706,0.990990990990991,0,0.875,0.973451327433628,0
838,1,0.981481481481482,0,0.8,1,0,0.888888888888889,0.990654205607477,0
839,1,1,0,1,1,0,1,1,0
840,1,0.958333333333333,0,0.733333333333333,1,0,0.846153846153846,0.978723404255319,0
841,0.857142857142857,0.965811965811966,0,0.6,0.991228070175439,0,0.705882352941176,0.978354978354978,0
842,0.909090909090909,0.990990990990991,0,0.909090909090909,0.990990990990991,0,0.909090909090909,0.990990990990991,0
843,1,0.991525423728814,0,0.9,1,0,0.947368421052632,0.995744680851064,0
844,1,0.977777777777778,0,0.8,1,0,0.888888888888889,0.98876404494382,0
845,1,0.964285714285714,0,0.625,1,0,0.769230769230769,0.981818181818182,0
846,1,0.975206611570248,0,0.818181818181818,1,0,0.9,0.98744769874477,0
847,1,0.991228070175439,0,0.888888888888889,1,0,0.941176470588235,0.995594713656388,0
848,0.666666666666667,0.959016393442623,0,0.333333333333333,0.991525423728814,0,0.444444444444444,0.975,0
849,0.875,0.903225806451613,0,0.388888888888889,0.991150442477876,0,0.538461538461539,0.945147679324895,0
850,1,0.964285714285714,0,0.555555555555556,1,0,0.714285714285714,0.981818181818182,0
851,0.833333333333333,0.982300884955752,0,0.714285714285714,0.991071428571429,0,0.769230769230769,0.986666666666667,0
852,1,0.980952380952381,0,0.833333333333333,1,0,0.909090909090909,0.990384615384615,0
853,0.9,0.981981981981982,0,0.818181818181818,0.990909090909091,0,0.857142857142857,0.986425339366516,0
854,0.8,0.963302752293578,0,0.5,0.990566037735849,0,0.615384615384615,0.976744186046512,0
855,1,0.975806451612903,0,0.7,1,0,0.823529411764706,0.987755102040816,0
856,1,0.975206611570248,0,0.75,1,0,0.857142857142857,0.98744769874477,0
857,1,0.964912280701754,0,0.6,1,0,0.75,0.982142857142857,0
858,1,0.982608695652174,0,0.5,1,0,0.666666666666667,0.991228070175439,0
859,1,0.972972972972973,0,0.75,1,0,0.857142857142857,0.986301369863014,0
860,1,0.927272727272727,0,0.533333333333333,1,0,0.695652173913044,0.962264150943396,0
861,1,0.981981981981982,0,0.8,1,0,0.888888888888889,0.990909090909091,0
862,1,0.968503937007874,0,0.75,1,0,0.857142857142857,0.984,0
863,1,0.956896551724138,0,0.555555555555556,1,0,0.714285714285714,0.977973568281938,0
864,1,0.946428571428571,0,0.714285714285714,1,0,0.833333333333333,0.972477064220183,0
865,0.9,0.983050847457627,0,0.818181818181818,0.991452991452991,0,0.857142857142857,0.987234042553191,0
866,1,0.967213114754098,0,0.7,1,0,0.823529411764706,0.983333333333333,0
867,1,0.976190476190476,0,0.7,1,0,0.823529411764706,0.987951807228916,0
868,1,0.959349593495935,0,0.5,1,0,0.666666666666667,0.979253112033195,0
869,1,0.954128440366973,0,0.733333333333333,1,0,0.846153846153846,0.976525821596244,0
870,1,0.973913043478261,0,0.7,1,0,0.823529411764706,0.986784140969163,0
871,0.9,0.952830188679245,0,0.642857142857143,0.990196078431373,0,0.75,0.971153846153846,0
872,1,0.963302752293578,0,0.666666666666667,1,0,0.8,0.981308411214953,0
873,1,0.96551724137931,0,0.5,1,0,0.666666666666667,0.982456140350877,0
874,1,0.964912280701754,0,0.5,1,0,0.666666666666667,0.982142857142857,0
875,0.875,0.953125,0,0.583333333333333,0.991869918699187,0,0.7,0.972111553784861,0
876,1,0.93859649122807,0,0.285714285714286,1,0,0.444444444444444,0.968325791855204,0
877,1,0.991379310344828,0,0.909090909090909,1,0,0.952380952380952,0.995670995670996,0
878,1,0.974358974358974,0,0.8,1,0,0.888888888888889,0.987012987012987,0
879,0.857142857142857,0.973913043478261,0,0.75,0.991150442477876,0,0.8,0.982456140350877,0
880,1,0.956140350877193,0,0.285714285714286,1,0,0.444444444444444,0.977578475336323,0
881,1,0.975409836065574,0,0.818181818181818,1,0,0.9,0.987551867219917,0
882,0.875,0.948275862068966,0,0.636363636363636,0.990990990990991,0,0.736842105263158,0.969162995594714,0
883,0.857142857142857,0.963963963963964,0,0.666666666666667,0.990740740740741,0,0.75,0.977168949771689,0
884,1,0.957264957264957,0,0.6,1,0,0.75,0.978165938864629,0
885,1,0.968,0,0.777777777777778,1,0,0.875,0.983739837398374,0
886,0.875,0.966666666666667,0,0.777777777777778,0.991452991452991,0,0.823529411764706,0.978902953586498,0
887,1,0.983333333333333,0,0.8,1,0,0.888888888888889,0.991596638655462,0
888,1,0.980392156862745,0,0.777777777777778,1,0,0.875,0.99009900990099,0
889,1,0.991803278688525,0,0.875,1,0,0.933333333333333,0.995884773662551,0
890,1,0.940677966101695,0,0.3,1,0,0.461538461538462,0.96943231441048,0
891,0.833333333333333,0.992,0,0.833333333333333,0.992,0,0.833333333333333,0.992,0
892,1,0.990990990990991,0,0.75,1,0,0.857142857142857,0.995475113122172,0
893,1,0.961538461538462,0,0.375,1,0,0.545454545454545,0.980392156862745,0
894,0.666666666666667,0.96551724137931,0,0.4,0.991150442477876,0,0.5,0.978165938864629,0
895,1,0.974358974358974,0,0.571428571428571,1,0,0.727272727272727,0.987012987012987,0
896,1,0.973214285714286,0,0.769230769230769,1,0,0.869565217391304,0.986425339366516,0
897,0.833333333333333,0.981132075471698,0,0.714285714285714,0.990476190476191,0,0.769230769230769,0.985781990521327,0
898,0.875,0.957983193277311,0,0.636363636363636,0.991304347826087,0,0.736842105263158,0.974358974358974,0
899,0.857142857142857,0.981818181818182,0,0.857142857142857,0.990825688073395,0,0.857142857142857,0.986301369863014,0
900,1,0.974358974358974,0,0.666666666666667,1,0,0.8,0.987012987012987,0
901,0.9,0.983050847457627,0,0.818181818181818,0.991452991452991,0,0.857142857142857,0.987234042553191,0
902,1,0.913793103448276,0,0.578947368421053,1,0,0.733333333333333,0.954954954954955,0
903,1,0.952380952380952,0,0.666666666666667,1,0,0.8,0.975609756097561,0
904,1,0.946969696969697,0,0.5,1,0,0.666666666666667,0.972762645914397,0
905,1,0.923728813559322,0,0.25,1,0,0.4,0.960352422907489,0
906,0.9,0.957627118644068,0,0.692307692307692,0.991228070175439,0,0.782608695652174,0.974137931034483,0
907,1,0.972727272727273,0,0.833333333333333,1,0,0.909090909090909,0.986175115207373,0
908,0.833333333333333,0.968503937007874,0,0.555555555555556,0.991935483870968,0,0.666666666666667,0.980079681274901,0
909,0.8,0.968992248062015,0,0.571428571428571,0.992063492063492,0,0.666666666666667,0.980392156862745,0
910,1,0.964912280701754,0,0.666666666666667,1,0,0.8,0.982142857142857,0
911,1,0.957627118644068,0,0.692307692307692,1,0,0.818181818181818,0.978354978354978,0
912,1,0.955752212389381,0,0.692307692307692,1,0,0.818181818181818,0.97737556561086,0
913,1,0.973451327433628,0,0.571428571428571,1,0,0.727272727272727,0.986547085201794,0
914,1,0.94488188976378,0,0.375,1,0,0.545454545454545,0.97165991902834,0
915,1,0.955752212389381,0,0.6,1,0,0.75,0.97737556561086,0
916,0.875,0.930434782608696,0,0.5,0.990740740740741,0,0.636363636363636,0.959641255605381,0
917,0.666666666666667,0.964285714285714,0,0.4,0.990825688073395,0,0.5,0.97737556561086,0
918,0.916666666666667,0.974358974358974,0,0.785714285714286,0.991304347826087,0,0.846153846153846,0.982758620689655,0
919,1,0.980582524271845,0,0.666666666666667,1,0,0.8,0.990196078431373,0
920,0.75,0.949579831932773,0,0.375,0.991228070175439,0,0.5,0.969957081545064,0
921,1,0.968421052631579,0,0.769230769230769,1,0,0.869565217391304,0.983957219251337,0
922,0.75,0.955357142857143,0,0.375,0.990740740740741,0,0.5,0.972727272727273,0
923,1,0.959016393442623,0,0.692307692307692,1,0,0.818181818181818,0.97907949790795,0
924,0.9,0.982300884955752,0,0.9,0.991071428571429,0,0.9,0.986666666666667,0
925,1,0.967213114754098,0,0.555555555555556,1,0,0.714285714285714,0.983333333333333,0
926,1,0.976744186046512,0,0.625,1,0,0.769230769230769,0.988235294117647,0
927,1,0.982905982905983,0,0.833333333333333,1,0,0.909090909090909,0.991379310344828,0
928,0.875,0.96551724137931,0,0.7,0.991150442477876,0,0.777777777777778,0.978165938864629,0
929,1,0.966666666666667,0,0.571428571428571,1,0,0.727272727272727,0.983050847457627,0
930,1,0.975206611570248,0,0.714285714285714,1,0,0.833333333333333,0.98744769874477,0
931,1,0.963963963963964,0,0.636363636363636,1,0,0.777777777777778,0.981651376146789,0
932,0.888888888888889,0.982608695652174,0,0.8,0.991228070175439,0,0.842105263157895,0.986899563318777,0
933,0.9,0.952830188679245,0,0.692307692307692,0.990196078431373,0,0.782608695652174,0.971153846153846,0
934,0.909090909090909,0.965811965811966,0,0.714285714285714,0.991228070175439,0,0.8,0.978354978354978,0
935,1,0.948275862068966,0,0.6,1,0,0.75,0.973451327433628,0
936,1,0.981651376146789,0,0.833333333333333,1,0,0.909090909090909,0.990740740740741,0
937,1,0.982608695652174,0,0.777777777777778,1,0,0.875,0.991228070175439,0
938,1,0.964601769911504,0,0.785714285714286,1,0,0.88,0.981981981981982,0
939,0.875,0.965811965811966,0,0.7,0.991228070175439,0,0.777777777777778,0.978354978354978,0
940,1,0.976377952755906,0,0.714285714285714,1,0,0.833333333333333,0.98804780876494,0
941,1,0.975206611570248,0,0.7,1,0,0.823529411764706,0.98744769874477,0
942,0.833333333333333,0.98019801980198,0,0.833333333333333,0.99,0,0.833333333333333,0.985074626865672,0
943,0.9,1,0,1,0.990384615384615,0,0.947368421052632,0.995169082125604,0
944,0.875,0.973684210526316,0,0.777777777777778,0.991071428571429,0,0.823529411764706,0.982300884955752,0
945,1,0.953271028037383,0,0.666666666666667,1,0,0.8,0.976076555023924,0
946,1,0.966942148760331,0,0.555555555555556,1,0,0.714285714285714,0.983193277310924,0
947,1,0.956140350877193,0,0.692307692307692,1,0,0.818181818181818,0.977578475336323,0
948,1,0.977611940298508,0,0.7,1,0,0.823529411764706,0.988679245283019,0
949,1,0.972477064220184,0,0.625,1,0,0.769230769230769,0.986046511627907,0
950,1,0.933333333333333,0,0.533333333333333,1,0,0.695652173913044,0.96551724137931,0
951,1,0.96551724137931,0,0.555555555555556,1,0,0.714285714285714,0.982456140350877,0
952,0.9,0.973684210526316,0,0.75,0.991071428571429,0,0.818181818181818,0.982300884955752,0
953,1,0.958333333333333,0,0.642857142857143,1,0,0.782608695652174,0.978723404255319,0
954,0.888888888888889,0.982456140350877,0,0.888888888888889,0.991150442477876,0,0.888888888888889,0.986784140969163,0
955,1,0.954128440366973,0,0.444444444444444,1,0,0.615384615384615,0.976525821596244,0
956,1,0.981308411214953,0,0.5,1,0,0.666666666666667,0.990566037735849,0
957,1,0.982300884955752,0,0.833333333333333,1,0,0.909090909090909,0.991071428571429,0
958,1,0.974137931034483,0,0.625,1,0,0.769230769230769,0.986899563318777,0
959,1,0.973214285714286,0,0.714285714285714,1,0,0.833333333333333,0.986425339366516,0
960,0.833333333333333,0.967479674796748,0,0.625,0.991666666666667,0,0.714285714285714,0.979423868312757,0
961,1,0.948717948717949,0,0.571428571428571,1,0,0.727272727272727,0.973684210526316,0
962,1,0.972477064220184,0,0.75,1,0,0.857142857142857,0.986046511627907,0
963,1,0.970149253731343,0,0.6,1,0,0.75,0.984848484848485,0
964,1,0.950819672131147,0,0.583333333333333,1,0,0.736842105263158,0.974789915966387,0
965,1,0.941666666666667,0,0.4,1,0,0.571428571428572,0.969957081545064,0
966,1,0.962406015037594,0,0.5,1,0,0.666666666666667,0.980842911877395,0
967,0.916666666666667,0.990291262135922,0,0.916666666666667,0.990291262135922,0,0.916666666666667,0.990291262135922,0
968,1,0.965217391304348,0,0.636363636363636,1,0,0.777777777777778,0.982300884955752,0
969,1,0.968,0,0.625,1,0,0.769230769230769,0.983739837398374,0
970,1,0.982456140350877,0,0.8,1,0,0.888888888888889,0.991150442477876,0
971,0.833333333333333,0.982300884955752,0,0.714285714285714,0.991071428571429,0,0.769230769230769,0.986666666666667,0
972,0.875,0.991228070175439,0,0.875,0.991228070175439,0,0.875,0.991228070175439,0
973,1,0.975,0,0.666666666666667,1,0,0.8,0.987341772151899,0
974,1,0.974789915966387,0,0.7,1,0,0.823529411764706,0.987234042553191,0
975,1,0.965217391304348,0,0.666666666666667,1,0,0.8,0.982300884955752,0
976,1,0.975609756097561,0,0.8,1,0,0.888888888888889,0.987654320987654,0
977,1,0.963636363636364,0,0.6,1,0,0.75,0.981481481481482,0
978,1,0.964601769911504,0,0.428571428571429,1,0,0.6,0.981981981981982,0
979,1,0.972972972972973,0,0.727272727272727,1,0,0.842105263157895,0.986301369863014,0
980,0.857142857142857,0.977099236641221,0,0.666666666666667,0.992248062015504,0,0.75,0.984615384615385,0
981,1,0.99009900990099,0,0.875,1,0,0.933333333333333,0.995024875621891,0
982,1,0.974137931034483,0,0.625,1,0,0.769230769230769,0.986899563318777,0
983,1,0.939130434782609,0,0.533333333333333,1,0,0.695652173913044,0.968609865470852,0
984,0.857142857142857,0.973214285714286,0,0.666666666666667,0.990909090909091,0,0.75,0.981981981981982,0
985,1,0.948717948717949,0,0.571428571428571,1,0,0.727272727272727,0.973684210526316,0
986,0.75,0.991452991452991,0,0.75,0.991452991452991,0,0.75,0.991452991452991,0
987,0.875,0.966386554621849,0,0.636363636363636,0.991379310344828,0,0.736842105263158,0.978723404255319,0
988,0.875,0.975609756097561,0,0.875,0.991735537190083,0,0.875,0.983606557377049,0
989,1,0.981981981981982,0,0.818181818181818,1,0,0.9,0.990909090909091,0
990,1,0.949152542372881,0,0.285714285714286,1,0,0.444444444444444,0.973913043478261,0
991,1,0.966101694915254,0,0.625,1,0,0.769230769230769,0.982758620689655,0
992,0.857142857142857,0.930434782608696,0,0.461538461538462,0.990740740740741,0,0.6,0.959641255605381,0
993,1,0.968421052631579,0,0.625,1,0,0.769230769230769,0.983957219251337,0
994,1,0.981651376146789,0,0.857142857142857,1,0,0.923076923076923,0.990740740740741,0
995,1,0.975,0,0.75,1,0,0.857142857142857,0.987341772151899,0
996,1,0.952755905511811,0,0.5,1,0,0.666666666666667,0.975806451612903,0
997,1,0.943548387096774,0,0.5,1,0,0.666666666666667,0.970954356846473,0
998,1,0.963302752293578,0,0.692307692307692,1,0,0.818181818181818,0.981308411214953,0
999,1,0.981818181818182,0,0.888888888888889,1,0,0.941176470588235,0.990825688073394,0
1000,1,0.991666666666667,0,0.9,1,0,0.947368421052632,0.99581589958159,0
